year,name,calendar
1,year 0001,G
2,year 0002,G
3,year 0003,G
4,year 0004,G
5,year 0005,G
6,year 0006,G
7,year 0007,G
8,year 0008,G
9,year 0009,G
10,year 0010,G
11,year 0011,G
12,year 0012,G
13,year 0013,G
14,year 0014,G
15,year 0015,G
16,year 0016,G
17,year 0017,G
18,year 0018,G
19,year 0019,G
20,year 0020,G
21,year 0021,G
22,year 0022,G
23,year 0023,G
24,year 0024,G
25,year 0025,G
26,year 0026,G
27,year 0027,G
28,year 0028,G
29,year 0029,G
30,year 0030,G
31,year 0031,G
32,year 0032,G
33,year 0033,G
34,year 0034,G
35,year 0035,G
36,year 0036,G
37,year 0037,G
38,year 0038,G
39,year 0039,G
40,year 0040,G
41,year 0041,G
42,year 0042,G
43,year 0043,G
44,year 0044,G
45,year 0045,G
46,year 0046,G
47,year 0047,G
48,year 0048,G
49,year 0049,G
50,year 0050,G
51,year 0051,G
52,year 0052,G
53,year 0053,G
54,year 0054,G
55,year 0055,G
56,year 0056,G
57,year 0057,G
58,year 0058,G
59,year 0059,G
60,year 0060,G
61,year 0061,G
62,year 0062,G
63,year 0063,G
64,year 0064,G
65,year 0065,G
66,year 0066,G
67,year 0067,G
68,year 0068,G
69,year 0069,G
70,year 0070,G
71,year 0071,G
72,year 0072,G
73,year 0073,G
74,year 0074,G
75,year 0075,G
76,year 0076,G
77,year 0077,G
78,year 0078,G
79,year 0079,G
80,year 0080,G
81,year 0081,G
82,year 0082,G
83,year 0083,G
84,year 0084,G
85,year 0085,G
86,year 0086,G
87,year 0087,G
88,year 0088,G
89,year 0089,G
90,year 0090,G
91,year 0091,G
92,year 0092,G
93,year 0093,G
94,year 0094,G
95,year 0095,G
96,year 0096,G
97,year 0097,G
98,year 0098,G
99,year 0099,G
100,year 0100,G
101,year 0101,G
102,year 0102,G
103,year 0103,G
104,year 0104,G
105,year 0105,G
106,year 0106,G
107,year 0107,G
108,year 0108,G
109,year 0109,G
110,year 0110,G
111,year 0111,G
112,year 0112,G
113,year 0113,G
114,year 0114,G
115,year 0115,G
116,year 0116,G
117,year 0117,G
118,year 0118,G
119,year 0119,G
120,year 0120,G
121,year 0121,G
122,year 0122,G
123,year 0123,G
124,year 0124,G
125,year 0125,G
126,year 0126,G
127,year 0127,G
128,year 0128,G
129,year 0129,G
130,year 0130,G
131,year 0131,G
132,year 0132,G
133,year 0133,G
134,year 0134,G
135,year 0135,G
136,year 0136,G
137,year 0137,G
138,year 0138,G
139,year 0139,G
140,year 0140,G
141,year 0141,G
142,year 0142,G
143,year 0143,G
144,year 0144,G
145,year 0145,G
146,year 0146,G
147,year 0147,G
148,year 0148,G
149,year 0149,G
150,year 0150,G
151,year 0151,G
152,year 0152,G
153,year 0153,G
154,year 0154,G
155,year 0155,G
156,year 0156,G
157,year 0157,G
158,year 0158,G
159,year 0159,G
160,year 0160,G
161,year 0161,G
162,year 0162,G
163,year 0163,G
164,year 0164,G
165,year 0165,G
166,year 0166,G
167,year 0167,G
168,year 0168,G
169,year 0169,G
170,year 0170,G
171,year 0171,G
172,year 0172,G
173,year 0173,G
174,year 0174,G
175,year 0175,G
176,year 0176,G
177,year 0177,G
178,year 0178,G
179,year 0179,G
180,year 0180,G
181,year 0181,G
182,year 0182,G
183,year 0183,G
184,year 0184,G
185,year 0185,G
186,year 0186,G
187,year 0187,G
188,year 0188,G
189,year 0189,G
190,year 0190,G
191,year 0191,G
192,year 0192,G
193,year 0193,G
194,year 0194,G
195,year 0195,G
196,year 0196,G
197,year 0197,G
198,year 0198,G
199,year 0199,G
200,year 0200,G
201,year 0201,G
202,year 0202,G
203,year 0203,G
204,year 0204,G
205,year 0205,G
206,year 0206,G
207,year 0207,G
208,year 0208,G
209,year 0209,G
210,year 0210,G
211,year 0211,G
212,year 0212,G
213,year 0213,G
214,year 0214,G
215,year 0215,G
216,year 0216,G
217,year 0217,G
218,year 0218,G
219,year 0219,G
220,year 0220,G
221,year 0221,G
222,year 0222,G
223,year 0223,G
224,year 0224,G
225,year 0225,G
226,year 0226,G
227,year 0227,G
228,year 0228,G
229,year 0229,G
230,year 0230,G
231,year 0231,G
232,year 0232,G
233,year 0233,G
234,year 0234,G
235,year 0235,G
236,year 0236,G
237,year 0237,G
238,year 0238,G
239,year 0239,G
240,year 0240,G
241,year 0241,G
242,year 0242,G
243,year 0243,G
244,year 0244,G
245,year 0245,G
246,year 0246,G
247,year 0247,G
248,year 0248,G
249,year 0249,G
250,year 0250,G
251,year 0251,G
252,year 0252,G
253,year 0253,G
254,year 0254,G
255,year 0255,G
256,year 0256,G
257,year 0257,G
258,year 0258,G
259,year 0259,G
260,year 0260,G
261,year 0261,G
262,year 0262,G
263,year 0263,G
264,year 0264,G
265,year 0265,G
266,year 0266,G
267,year 0267,G
268,year 0268,G
269,year 0269,G
270,year 0270,G
271,year 0271,G
272,year 0272,G
273,year 0273,G
274,year 0274,G
275,year 0275,G
276,year 0276,G
277,year 0277,G
278,year 0278,G
279,year 0279,G
280,year 0280,G
281,year 0281,G
282,year 0282,G
283,year 0283,G
284,year 0284,G
285,year 0285,G
286,year 0286,G
287,year 0287,G
288,year 0288,G
289,year 0289,G
290,year 0290,G
291,year 0291,G
292,year 0292,G
293,year 0293,G
294,year 0294,G
295,year 0295,G
296,year 0296,G
297,year 0297,G
298,year 0298,G
299,year 0299,G
300,year 0300,G
301,year 0301,G
302,year 0302,G
303,year 0303,G
304,year 0304,G
305,year 0305,G
306,year 0306,G
307,year 0307,G
308,year 0308,G
309,year 0309,G
310,year 0310,G
311,year 0311,G
312,year 0312,G
313,year 0313,G
314,year 0314,G
315,year 0315,G
316,year 0316,G
317,year 0317,G
318,year 0318,G
319,year 0319,G
320,year 0320,G
321,year 0321,G
322,year 0322,G
323,year 0323,G
324,year 0324,G
325,year 0325,G
326,year 0326,G
327,year 0327,G
328,year 0328,G
329,year 0329,G
330,year 0330,G
331,year 0331,G
332,year 0332,G
333,year 0333,G
334,year 0334,G
335,year 0335,G
336,year 0336,G
337,year 0337,G
338,year 0338,G
339,year 0339,G
340,year 0340,G
341,year 0341,G
342,year 0342,G
343,year 0343,G
344,year 0344,G
345,year 0345,G
346,year 0346,G
347,year 0347,G
348,year 0348,G
349,year 0349,G
350,year 0350,G
351,year 0351,G
352,year 0352,G
353,year 0353,G
354,year 0354,G
355,year 0355,G
356,year 0356,G
357,year 0357,G
358,year 0358,G
359,year 0359,G
360,year 0360,G
361,year 0361,G
362,year 0362,G
363,year 0363,G
364,year 0364,G
365,year 0365,G
366,year 0366,G
367,year 0367,G
368,year 0368,G
369,year 0369,G
370,year 0370,G
371,year 0371,G
372,year 0372,G
373,year 0373,G
374,year 0374,G
375,year 0375,G
376,year 0376,G
377,year 0377,G
378,year 0378,G
379,year 0379,G
380,year 0380,G
381,year 0381,G
382,year 0382,G
383,year 0383,G
384,year 0384,G
385,year 0385,G
386,year 0386,G
387,year 0387,G
388,year 0388,G
389,year 0389,G
390,year 0390,G
391,year 0391,G
392,year 0392,G
393,year 0393,G
394,year 0394,G
395,year 0395,G
396,year 0396,G
397,year 0397,G
398,year 0398,G
399,year 0399,G
400,year 0400,G
401,year 0401,G
402,year 0402,G
403,year 0403,G
404,year 0404,G
405,year 0405,G
406,year 0406,G
407,year 0407,G
408,year 0408,G
409,year 0409,G
410,year 0410,G
411,year 0411,G
412,year 0412,G
413,year 0413,G
414,year 0414,G
415,year 0415,G
416,year 0416,G
417,year 0417,G
418,year 0418,G
419,year 0419,G
420,year 0420,G
421,year 0421,G
422,year 0422,G
423,year 0423,G
424,year 0424,G
425,year 0425,G
426,year 0426,G
427,year 0427,G
428,year 0428,G
429,year 0429,G
430,year 0430,G
431,year 0431,G
432,year 0432,G
433,year 0433,G
434,year 0434,G
435,year 0435,G
436,year 0436,G
437,year 0437,G
438,year 0438,G
439,year 0439,G
440,year 0440,G
441,year 0441,G
442,year 0442,G
443,year 0443,G
444,year 0444,G
445,year 0445,G
446,year 0446,G
447,year 0447,G
448,year 0448,G
449,year 0449,G
450,year 0450,G
451,year 0451,G
452,year 0452,G
453,year 0453,G
454,year 0454,G
455,year 0455,G
456,year 0456,G
457,year 0457,G
458,year 0458,G
459,year 0459,G
460,year 0460,G
461,year 0461,G
462,year 0462,G
463,year 0463,G
464,year 0464,G
465,year 0465,G
466,year 0466,G
467,year 0467,G
468,year 0468,G
469,year 0469,G
470,year 0470,G
471,year 0471,G
472,year 0472,G
473,year 0473,G
474,year 0474,G
475,year 0475,G
476,year 0476,G
477,year 0477,G
478,year 0478,G
479,year 0479,G
480,year 0480,G
481,year 0481,G
482,year 0482,G
483,year 0483,G
484,year 0484,G
485,year 0485,G
486,year 0486,G
487,year 0487,G
488,year 0488,G
489,year 0489,G
490,year 0490,G
491,year 0491,G
492,year 0492,G
493,year 0493,G
494,year 0494,G
495,year 0495,G
496,year 0496,G
497,year 0497,G
498,year 0498,G
499,year 0499,G
500,year 0500,G
501,year 0501,G
502,year 0502,G
503,year 0503,G
504,year 0504,G
505,year 0505,G
506,year 0506,G
507,year 0507,G
508,year 0508,G
509,year 0509,G
510,year 0510,G
511,year 0511,G
512,year 0512,G
513,year 0513,G
514,year 0514,G
515,year 0515,G
516,year 0516,G
517,year 0517,G
518,year 0518,G
519,year 0519,G
520,year 0520,G
521,year 0521,G
522,year 0522,G
523,year 0523,G
524,year 0524,G
525,year 0525,G
526,year 0526,G
527,year 0527,G
528,year 0528,G
529,year 0529,G
530,year 0530,G
531,year 0531,G
532,year 0532,G
533,year 0533,G
534,year 0534,G
535,year 0535,G
536,year 0536,G
537,year 0537,G
538,year 0538,G
539,year 0539,G
540,year 0540,G
541,year 0541,G
542,year 0542,G
543,year 0543,G
544,year 0544,G
545,year 0545,G
546,year 0546,G
547,year 0547,G
548,year 0548,G
549,year 0549,G
550,year 0550,G
551,year 0551,G
552,year 0552,G
553,year 0553,G
554,year 0554,G
555,year 0555,G
556,year 0556,G
557,year 0557,G
558,year 0558,G
559,year 0559,G
560,year 0560,G
561,year 0561,G
562,year 0562,G
563,year 0563,G
564,year 0564,G
565,year 0565,G
566,year 0566,G
567,year 0567,G
568,year 0568,G
569,year 0569,G
570,year 0570,G
571,year 0571,G
572,year 0572,G
573,year 0573,G
574,year 0574,G
575,year 0575,G
576,year 0576,G
577,year 0577,G
578,year 0578,G
579,year 0579,G
580,year 0580,G
581,year 0581,G
582,year 0582,G
583,year 0583,G
584,year 0584,G
585,year 0585,G
586,year 0586,G
587,year 0587,G
588,year 0588,G
589,year 0589,G
590,year 0590,G
591,year 0591,G
592,year 0592,G
593,year 0593,G
594,year 0594,G
595,year 0595,G
596,year 0596,G
597,year 0597,G
598,year 0598,G
599,year 0599,G
600,year 0600,G
601,year 0601,G
602,year 0602,G
603,year 0603,G
604,year 0604,G
605,year 0605,G
606,year 0606,G
607,year 0607,G
608,year 0608,G
609,year 0609,G
610,year 0610,G
611,year 0611,G
612,year 0612,G
613,year 0613,G
614,year 0614,G
615,year 0615,G
616,year 0616,G
617,year 0617,G
618,year 0618,G
619,year 0619,G
620,year 0620,G
621,year 0621,G
622,year 0622,G
623,year 0623,G
624,year 0624,G
625,year 0625,G
626,year 0626,G
627,year 0627,G
628,year 0628,G
629,year 0629,G
630,year 0630,G
631,year 0631,G
632,year 0632,G
633,year 0633,G
634,year 0634,G
635,year 0635,G
636,year 0636,G
637,year 0637,G
638,year 0638,G
639,year 0639,G
640,year 0640,G
641,year 0641,G
642,year 0642,G
643,year 0643,G
644,year 0644,G
645,year 0645,G
646,year 0646,G
647,year 0647,G
648,year 0648,G
649,year 0649,G
650,year 0650,G
651,year 0651,G
652,year 0652,G
653,year 0653,G
654,year 0654,G
655,year 0655,G
656,year 0656,G
657,year 0657,G
658,year 0658,G
659,year 0659,G
660,year 0660,G
661,year 0661,G
662,year 0662,G
663,year 0663,G
664,year 0664,G
665,year 0665,G
666,year 0666,G
667,year 0667,G
668,year 0668,G
669,year 0669,G
670,year 0670,G
671,year 0671,G
672,year 0672,G
673,year 0673,G
674,year 0674,G
675,year 0675,G
676,year 0676,G
677,year 0677,G
678,year 0678,G
679,year 0679,G
680,year 0680,G
681,year 0681,G
682,year 0682,G
683,year 0683,G
684,year 0684,G
685,year 0685,G
686,year 0686,G
687,year 0687,G
688,year 0688,G
689,year 0689,G
690,year 0690,G
691,year 0691,G
692,year 0692,G
693,year 0693,G
694,year 0694,G
695,year 0695,G
696,year 0696,G
697,year 0697,G
698,year 0698,G
699,year 0699,G
700,year 0700,G
701,year 0701,G
702,year 0702,G
703,year 0703,G
704,year 0704,G
705,year 0705,G
706,year 0706,G
707,year 0707,G
708,year 0708,G
709,year 0709,G
710,year 0710,G
711,year 0711,G
712,year 0712,G
713,year 0713,G
714,year 0714,G
715,year 0715,G
716,year 0716,G
717,year 0717,G
718,year 0718,G
719,year 0719,G
720,year 0720,G
721,year 0721,G
722,year 0722,G
723,year 0723,G
724,year 0724,G
725,year 0725,G
726,year 0726,G
727,year 0727,G
728,year 0728,G
729,year 0729,G
730,year 0730,G
731,year 0731,G
732,year 0732,G
733,year 0733,G
734,year 0734,G
735,year 0735,G
736,year 0736,G
737,year 0737,G
738,year 0738,G
739,year 0739,G
740,year 0740,G
741,year 0741,G
742,year 0742,G
743,year 0743,G
744,year 0744,G
745,year 0745,G
746,year 0746,G
747,year 0747,G
748,year 0748,G
749,year 0749,G
750,year 0750,G
751,year 0751,G
752,year 0752,G
753,year 0753,G
754,year 0754,G
755,year 0755,G
756,year 0756,G
757,year 0757,G
758,year 0758,G
759,year 0759,G
760,year 0760,G
761,year 0761,G
762,year 0762,G
763,year 0763,G
764,year 0764,G
765,year 0765,G
766,year 0766,G
767,year 0767,G
768,year 0768,G
769,year 0769,G
770,year 0770,G
771,year 0771,G
772,year 0772,G
773,year 0773,G
774,year 0774,G
775,year 0775,G
776,year 0776,G
777,year 0777,G
778,year 0778,G
779,year 0779,G
780,year 0780,G
781,year 0781,G
782,year 0782,G
783,year 0783,G
784,year 0784,G
785,year 0785,G
786,year 0786,G
787,year 0787,G
788,year 0788,G
789,year 0789,G
790,year 0790,G
791,year 0791,G
792,year 0792,G
793,year 0793,G
794,year 0794,G
795,year 0795,G
796,year 0796,G
797,year 0797,G
798,year 0798,G
799,year 0799,G
800,year 0800,G
801,year 0801,G
802,year 0802,G
803,year 0803,G
804,year 0804,G
805,year 0805,G
806,year 0806,G
807,year 0807,G
808,year 0808,G
809,year 0809,G
810,year 0810,G
811,year 0811,G
812,year 0812,G
813,year 0813,G
814,year 0814,G
815,year 0815,G
816,year 0816,G
817,year 0817,G
818,year 0818,G
819,year 0819,G
820,year 0820,G
821,year 0821,G
822,year 0822,G
823,year 0823,G
824,year 0824,G
825,year 0825,G
826,year 0826,G
827,year 0827,G
828,year 0828,G
829,year 0829,G
830,year 0830,G
831,year 0831,G
832,year 0832,G
833,year 0833,G
834,year 0834,G
835,year 0835,G
836,year 0836,G
837,year 0837,G
838,year 0838,G
839,year 0839,G
840,year 0840,G
841,year 0841,G
842,year 0842,G
843,year 0843,G
844,year 0844,G
845,year 0845,G
846,year 0846,G
847,year 0847,G
848,year 0848,G
849,year 0849,G
850,year 0850,G
851,year 0851,G
852,year 0852,G
853,year 0853,G
854,year 0854,G
855,year 0855,G
856,year 0856,G
857,year 0857,G
858,year 0858,G
859,year 0859,G
860,year 0860,G
861,year 0861,G
862,year 0862,G
863,year 0863,G
864,year 0864,G
865,year 0865,G
866,year 0866,G
867,year 0867,G
868,year 0868,G
869,year 0869,G
870,year 0870,G
871,year 0871,G
872,year 0872,G
873,year 0873,G
874,year 0874,G
875,year 0875,G
876,year 0876,G
877,year 0877,G
878,year 0878,G
879,year 0879,G
880,year 0880,G
881,year 0881,G
882,year 0882,G
883,year 0883,G
884,year 0884,G
885,year 0885,G
886,year 0886,G
887,year 0887,G
888,year 0888,G
889,year 0889,G
890,year 0890,G
891,year 0891,G
892,year 0892,G
893,year 0893,G
894,year 0894,G
895,year 0895,G
896,year 0896,G
897,year 0897,G
898,year 0898,G
899,year 0899,G
900,year 0900,G
901,year 0901,G
902,year 0902,G
903,year 0903,G
904,year 0904,G
905,year 0905,G
906,year 0906,G
907,year 0907,G
908,year 0908,G
909,year 0909,G
910,year 0910,G
911,year 0911,G
912,year 0912,G
913,year 0913,G
914,year 0914,G
915,year 0915,G
916,year 0916,G
917,year 0917,G
918,year 0918,G
919,year 0919,G
920,year 0920,G
921,year 0921,G
922,year 0922,G
923,year 0923,G
924,year 0924,G
925,year 0925,G
926,year 0926,G
927,year 0927,G
928,year 0928,G
929,year 0929,G
930,year 0930,G
931,year 0931,G
932,year 0932,G
933,year 0933,G
934,year 0934,G
935,year 0935,G
936,year 0936,G
937,year 0937,G
938,year 0938,G
939,year 0939,G
940,year 0940,G
941,year 0941,G
942,year 0942,G
943,year 0943,G
944,year 0944,G
945,year 0945,G
946,year 0946,G
947,year 0947,G
948,year 0948,G
949,year 0949,G
950,year 0950,G
951,year 0951,G
952,year 0952,G
953,year 0953,G
954,year 0954,G
955,year 0955,G
956,year 0956,G
957,year 0957,G
958,year 0958,G
959,year 0959,G
960,year 0960,G
961,year 0961,G
962,year 0962,G
963,year 0963,G
964,year 0964,G
965,year 0965,G
966,year 0966,G
967,year 0967,G
968,year 0968,G
969,year 0969,G
970,year 0970,G
971,year 0971,G
972,year 0972,G
973,year 0973,G
974,year 0974,G
975,year 0975,G
976,year 0976,G
977,year 0977,G
978,year 0978,G
979,year 0979,G
980,year 0980,G
981,year 0981,G
982,year 0982,G
983,year 0983,G
984,year 0984,G
985,year 0985,G
986,year 0986,G
987,year 0987,G
988,year 0988,G
989,year 0989,G
990,year 0990,G
991,year 0991,G
992,year 0992,G
993,year 0993,G
994,year 0994,G
995,year 0995,G
996,year 0996,G
997,year 0997,G
998,year 0998,G
999,year 0999,G
1000,year 1000,G
1001,year 1001,G
1002,year 1002,G
1003,year 1003,G
1004,year 1004,G
1005,year 1005,G
1006,year 1006,G
1007,year 1007,G
1008,year 1008,G
1009,year 1009,G
1010,year 1010,G
1011,year 1011,G
1012,year 1012,G
1013,year 1013,G
1014,year 1014,G
1015,year 1015,G
1016,year 1016,G
1017,year 1017,G
1018,year 1018,G
1019,year 1019,G
1020,year 1020,G
1021,year 1021,G
1022,year 1022,G
1023,year 1023,G
1024,year 1024,G
1025,year 1025,G
1026,year 1026,G
1027,year 1027,G
1028,year 1028,G
1029,year 1029,G
1030,year 1030,G
1031,year 1031,G
1032,year 1032,G
1033,year 1033,G
1034,year 1034,G
1035,year 1035,G
1036,year 1036,G
1037,year 1037,G
1038,year 1038,G
1039,year 1039,G
1040,year 1040,G
1041,year 1041,G
1042,year 1042,G
1043,year 1043,G
1044,year 1044,G
1045,year 1045,G
1046,year 1046,G
1047,year 1047,G
1048,year 1048,G
1049,year 1049,G
1050,year 1050,G
1051,year 1051,G
1052,year 1052,G
1053,year 1053,G
1054,year 1054,G
1055,year 1055,G
1056,year 1056,G
1057,year 1057,G
1058,year 1058,G
1059,year 1059,G
1060,year 1060,G
1061,year 1061,G
1062,year 1062,G
1063,year 1063,G
1064,year 1064,G
1065,year 1065,G
1066,year 1066,G
1067,year 1067,G
1068,year 1068,G
1069,year 1069,G
1070,year 1070,G
1071,year 1071,G
1072,year 1072,G
1073,year 1073,G
1074,year 1074,G
1075,year 1075,G
1076,year 1076,G
1077,year 1077,G
1078,year 1078,G
1079,year 1079,G
1080,year 1080,G
1081,year 1081,G
1082,year 1082,G
1083,year 1083,G
1084,year 1084,G
1085,year 1085,G
1086,year 1086,G
1087,year 1087,G
1088,year 1088,G
1089,year 1089,G
1090,year 1090,G
1091,year 1091,G
1092,year 1092,G
1093,year 1093,G
1094,year 1094,G
1095,year 1095,G
1096,year 1096,G
1097,year 1097,G
1098,year 1098,G
1099,year 1099,G
1100,year 1100,G
1101,year 1101,G
1102,year 1102,G
1103,year 1103,G
1104,year 1104,G
1105,year 1105,G
1106,year 1106,G
1107,year 1107,G
1108,year 1108,G
1109,year 1109,G
1110,year 1110,G
1111,year 1111,G
1112,year 1112,G
1113,year 1113,G
1114,year 1114,G
1115,year 1115,G
1116,year 1116,G
1117,year 1117,G
1118,year 1118,G
1119,year 1119,G
1120,year 1120,G
1121,year 1121,G
1122,year 1122,G
1123,year 1123,G
1124,year 1124,G
1125,year 1125,G
1126,year 1126,G
1127,year 1127,G
1128,year 1128,G
1129,year 1129,G
1130,year 1130,G
1131,year 1131,G
1132,year 1132,G
1133,year 1133,G
1134,year 1134,G
1135,year 1135,G
1136,year 1136,G
1137,year 1137,G
1138,year 1138,G
1139,year 1139,G
1140,year 1140,G
1141,year 1141,G
1142,year 1142,G
1143,year 1143,G
1144,year 1144,G
1145,year 1145,G
1146,year 1146,G
1147,year 1147,G
1148,year 1148,G
1149,year 1149,G
1150,year 1150,G
1151,year 1151,G
1152,year 1152,G
1153,year 1153,G
1154,year 1154,G
1155,year 1155,G
1156,year 1156,G
1157,year 1157,G
1158,year 1158,G
1159,year 1159,G
1160,year 1160,G
1161,year 1161,G
1162,year 1162,G
1163,year 1163,G
1164,year 1164,G
1165,year 1165,G
1166,year 1166,G
1167,year 1167,G
1168,year 1168,G
1169,year 1169,G
1170,year 1170,G
1171,year 1171,G
1172,year 1172,G
1173,year 1173,G
1174,year 1174,G
1175,year 1175,G
1176,year 1176,G
1177,year 1177,G
1178,year 1178,G
1179,year 1179,G
1180,year 1180,G
1181,year 1181,G
1182,year 1182,G
1183,year 1183,G
1184,year 1184,G
1185,year 1185,G
1186,year 1186,G
1187,year 1187,G
1188,year 1188,G
1189,year 1189,G
1190,year 1190,G
1191,year 1191,G
1192,year 1192,G
1193,year 1193,G
1194,year 1194,G
1195,year 1195,G
1196,year 1196,G
1197,year 1197,G
1198,year 1198,G
1199,year 1199,G
1200,year 1200,G
1201,year 1201,G
1202,year 1202,G
1203,year 1203,G
1204,year 1204,G
1205,year 1205,G
1206,year 1206,G
1207,year 1207,G
1208,year 1208,G
1209,year 1209,G
1210,year 1210,G
1211,year 1211,G
1212,year 1212,G
1213,year 1213,G
1214,year 1214,G
1215,year 1215,G
1216,year 1216,G
1217,year 1217,G
1218,year 1218,G
1219,year 1219,G
1220,year 1220,G
1221,year 1221,G
1222,year 1222,G
1223,year 1223,G
1224,year 1224,G
1225,year 1225,G
1226,year 1226,G
1227,year 1227,G
1228,year 1228,G
1229,year 1229,G
1230,year 1230,G
1231,year 1231,G
1232,year 1232,G
1233,year 1233,G
1234,year 1234,G
1235,year 1235,G
1236,year 1236,G
1237,year 1237,G
1238,year 1238,G
1239,year 1239,G
1240,year 1240,G
1241,year 1241,G
1242,year 1242,G
1243,year 1243,G
1244,year 1244,G
1245,year 1245,G
1246,year 1246,G
1247,year 1247,G
1248,year 1248,G
1249,year 1249,G
1250,year 1250,G
1251,year 1251,G
1252,year 1252,G
1253,year 1253,G
1254,year 1254,G
1255,year 1255,G
1256,year 1256,G
1257,year 1257,G
1258,year 1258,G
1259,year 1259,G
1260,year 1260,G
1261,year 1261,G
1262,year 1262,G
1263,year 1263,G
1264,year 1264,G
1265,year 1265,G
1266,year 1266,G
1267,year 1267,G
1268,year 1268,G
1269,year 1269,G
1270,year 1270,G
1271,year 1271,G
1272,year 1272,G
1273,year 1273,G
1274,year 1274,G
1275,year 1275,G
1276,year 1276,G
1277,year 1277,G
1278,year 1278,G
1279,year 1279,G
1280,year 1280,G
1281,year 1281,G
1282,year 1282,G
1283,year 1283,G
1284,year 1284,G
1285,year 1285,G
1286,year 1286,G
1287,year 1287,G
1288,year 1288,G
1289,year 1289,G
1290,year 1290,G
1291,year 1291,G
1292,year 1292,G
1293,year 1293,G
1294,year 1294,G
1295,year 1295,G
1296,year 1296,G
1297,year 1297,G
1298,year 1298,G
1299,year 1299,G
1300,year 1300,G
1301,year 1301,G
1302,year 1302,G
1303,year 1303,G
1304,year 1304,G
1305,year 1305,G
1306,year 1306,G
1307,year 1307,G
1308,year 1308,G
1309,year 1309,G
1310,year 1310,G
1311,year 1311,G
1312,year 1312,G
1313,year 1313,G
1314,year 1314,G
1315,year 1315,G
1316,year 1316,G
1317,year 1317,G
1318,year 1318,G
1319,year 1319,G
1320,year 1320,G
1321,year 1321,G
1322,year 1322,G
1323,year 1323,G
1324,year 1324,G
1325,year 1325,G
1326,year 1326,G
1327,year 1327,G
1328,year 1328,G
1329,year 1329,G
1330,year 1330,G
1331,year 1331,G
1332,year 1332,G
1333,year 1333,G
1334,year 1334,G
1335,year 1335,G
1336,year 1336,G
1337,year 1337,G
1338,year 1338,G
1339,year 1339,G
1340,year 1340,G
1341,year 1341,G
1342,year 1342,G
1343,year 1343,G
1344,year 1344,G
1345,year 1345,G
1346,year 1346,G
1347,year 1347,G
1348,year 1348,G
1349,year 1349,G
1350,year 1350,G
1351,year 1351,G
1352,year 1352,G
1353,year 1353,G
1354,year 1354,G
1355,year 1355,G
1356,year 1356,G
1357,year 1357,G
1358,year 1358,G
1359,year 1359,G
1360,year 1360,G
1361,year 1361,G
1362,year 1362,G
1363,year 1363,G
1364,year 1364,G
1365,year 1365,G
1366,year 1366,G
1367,year 1367,G
1368,year 1368,G
1369,year 1369,G
1370,year 1370,G
1371,year 1371,G
1372,year 1372,G
1373,year 1373,G
1374,year 1374,G
1375,year 1375,G
1376,year 1376,G
1377,year 1377,G
1378,year 1378,G
1379,year 1379,G
1380,year 1380,G
1381,year 1381,G
1382,year 1382,G
1383,year 1383,G
1384,year 1384,G
1385,year 1385,G
1386,year 1386,G
1387,year 1387,G
1388,year 1388,G
1389,year 1389,G
1390,year 1390,G
1391,year 1391,G
1392,year 1392,G
1393,year 1393,G
1394,year 1394,G
1395,year 1395,G
1396,year 1396,G
1397,year 1397,G
1398,year 1398,G
1399,year 1399,G
1400,year 1400,G
1401,year 1401,G
1402,year 1402,G
1403,year 1403,G
1404,year 1404,G
1405,year 1405,G
1406,year 1406,G
1407,year 1407,G
1408,year 1408,G
1409,year 1409,G
1410,year 1410,G
1411,year 1411,G
1412,year 1412,G
1413,year 1413,G
1414,year 1414,G
1415,year 1415,G
1416,year 1416,G
1417,year 1417,G
1418,year 1418,G
1419,year 1419,G
1420,year 1420,G
1421,year 1421,G
1422,year 1422,G
1423,year 1423,G
1424,year 1424,G
1425,year 1425,G
1426,year 1426,G
1427,year 1427,G
1428,year 1428,G
1429,year 1429,G
1430,year 1430,G
1431,year 1431,G
1432,year 1432,G
1433,year 1433,G
1434,year 1434,G
1435,year 1435,G
1436,year 1436,G
1437,year 1437,G
1438,year 1438,G
1439,year 1439,G
1440,year 1440,G
1441,year 1441,G
1442,year 1442,G
1443,year 1443,G
1444,year 1444,G
1445,year 1445,G
1446,year 1446,G
1447,year 1447,G
1448,year 1448,G
1449,year 1449,G
1450,year 1450,G
1451,year 1451,G
1452,year 1452,G
1453,year 1453,G
1454,year 1454,G
1455,year 1455,G
1456,year 1456,G
1457,year 1457,G
1458,year 1458,G
1459,year 1459,G
1460,year 1460,G
1461,year 1461,G
1462,year 1462,G
1463,year 1463,G
1464,year 1464,G
1465,year 1465,G
1466,year 1466,G
1467,year 1467,G
1468,year 1468,G
1469,year 1469,G
1470,year 1470,G
1471,year 1471,G
1472,year 1472,G
1473,year 1473,G
1474,year 1474,G
1475,year 1475,G
1476,year 1476,G
1477,year 1477,G
1478,year 1478,G
1479,year 1479,G
1480,year 1480,G
1481,year 1481,G
1482,year 1482,G
1483,year 1483,G
1484,year 1484,G
1485,year 1485,G
1486,year 1486,G
1487,year 1487,G
1488,year 1488,G
1489,year 1489,G
1490,year 1490,G
1491,year 1491,G
1492,year 1492,G
1493,year 1493,G
1494,year 1494,G
1495,year 1495,G
1496,year 1496,G
1497,year 1497,G
1498,year 1498,G
1499,year 1499,G
1500,year 1500,G
1501,year 1501,G
1502,year 1502,G
1503,year 1503,G
1504,year 1504,G
1505,year 1505,G
1506,year 1506,G
1507,year 1507,G
1508,year 1508,G
1509,year 1509,G
1510,year 1510,G
1511,year 1511,G
1512,year 1512,G
1513,year 1513,G
1514,year 1514,G
1515,year 1515,G
1516,year 1516,G
1517,year 1517,G
1518,year 1518,G
1519,year 1519,G
1520,year 1520,G
1521,year 1521,G
1522,year 1522,G
1523,year 1523,G
1524,year 1524,G
1525,year 1525,G
1526,year 1526,G
1527,year 1527,G
1528,year 1528,G
1529,year 1529,G
1530,year 1530,G
1531,year 1531,G
1532,year 1532,G
1533,year 1533,G
1534,year 1534,G
1535,year 1535,G
1536,year 1536,G
1537,year 1537,G
1538,year 1538,G
1539,year 1539,G
1540,year 1540,G
1541,year 1541,G
1542,year 1542,G
1543,year 1543,G
1544,year 1544,G
1545,year 1545,G
1546,year 1546,G
1547,year 1547,G
1548,year 1548,G
1549,year 1549,G
1550,year 1550,G
1551,year 1551,G
1552,year 1552,G
1553,year 1553,G
1554,year 1554,G
1555,year 1555,G
1556,year 1556,G
1557,year 1557,G
1558,year 1558,G
1559,year 1559,G
1560,year 1560,G
1561,year 1561,G
1562,year 1562,G
1563,year 1563,G
1564,year 1564,G
1565,year 1565,G
1566,year 1566,G
1567,year 1567,G
1568,year 1568,G
1569,year 1569,G
1570,year 1570,G
1571,year 1571,G
1572,year 1572,G
1573,year 1573,G
1574,year 1574,G
1575,year 1575,G
1576,year 1576,G
1577,year 1577,G
1578,year 1578,G
1579,year 1579,G
1580,year 1580,G
1581,year 1581,G
1582,year 1582,G
1583,year 1583,G
1584,year 1584,G
1585,year 1585,G
1586,year 1586,G
1587,year 1587,G
1588,year 1588,G
1589,year 1589,G
1590,year 1590,G
1591,year 1591,G
1592,year 1592,G
1593,year 1593,G
1594,year 1594,G
1595,year 1595,G
1596,year 1596,G
1597,year 1597,G
1598,year 1598,G
1599,year 1599,G
1600,year 1600,G
1601,year 1601,G
1602,year 1602,G
1603,year 1603,G
1604,year 1604,G
1605,year 1605,G
1606,year 1606,G
1607,year 1607,G
1608,year 1608,G
1609,year 1609,G
1610,year 1610,G
1611,year 1611,G
1612,year 1612,G
1613,year 1613,G
1614,year 1614,G
1615,year 1615,G
1616,year 1616,G
1617,year 1617,G
1618,year 1618,G
1619,year 1619,G
1620,year 1620,G
1621,year 1621,G
1622,year 1622,G
1623,year 1623,G
1624,year 1624,G
1625,year 1625,G
1626,year 1626,G
1627,year 1627,G
1628,year 1628,G
1629,year 1629,G
1630,year 1630,G
1631,year 1631,G
1632,year 1632,G
1633,year 1633,G
1634,year 1634,G
1635,year 1635,G
1636,year 1636,G
1637,year 1637,G
1638,year 1638,G
1639,year 1639,G
1640,year 1640,G
1641,year 1641,G
1642,year 1642,G
1643,year 1643,G
1644,year 1644,G
1645,year 1645,G
1646,year 1646,G
1647,year 1647,G
1648,year 1648,G
1649,year 1649,G
1650,year 1650,G
1651,year 1651,G
1652,year 1652,G
1653,year 1653,G
1654,year 1654,G
1655,year 1655,G
1656,year 1656,G
1657,year 1657,G
1658,year 1658,G
1659,year 1659,G
1660,year 1660,G
1661,year 1661,G
1662,year 1662,G
1663,year 1663,G
1664,year 1664,G
1665,year 1665,G
1666,year 1666,G
1667,year 1667,G
1668,year 1668,G
1669,year 1669,G
1670,year 1670,G
1671,year 1671,G
1672,year 1672,G
1673,year 1673,G
1674,year 1674,G
1675,year 1675,G
1676,year 1676,G
1677,year 1677,G
1678,year 1678,G
1679,year 1679,G
1680,year 1680,G
1681,year 1681,G
1682,year 1682,G
1683,year 1683,G
1684,year 1684,G
1685,year 1685,G
1686,year 1686,G
1687,year 1687,G
1688,year 1688,G
1689,year 1689,G
1690,year 1690,G
1691,year 1691,G
1692,year 1692,G
1693,year 1693,G
1694,year 1694,G
1695,year 1695,G
1696,year 1696,G
1697,year 1697,G
1698,year 1698,G
1699,year 1699,G
1700,year 1700,G
1701,year 1701,G
1702,year 1702,G
1703,year 1703,G
1704,year 1704,G
1705,year 1705,G
1706,year 1706,G
1707,year 1707,G
1708,year 1708,G
1709,year 1709,G
1710,year 1710,G
1711,year 1711,G
1712,year 1712,G
1713,year 1713,G
1714,year 1714,G
1715,year 1715,G
1716,year 1716,G
1717,year 1717,G
1718,year 1718,G
1719,year 1719,G
1720,year 1720,G
1721,year 1721,G
1722,year 1722,G
1723,year 1723,G
1724,year 1724,G
1725,year 1725,G
1726,year 1726,G
1727,year 1727,G
1728,year 1728,G
1729,year 1729,G
1730,year 1730,G
1731,year 1731,G
1732,year 1732,G
1733,year 1733,G
1734,year 1734,G
1735,year 1735,G
1736,year 1736,G
1737,year 1737,G
1738,year 1738,G
1739,year 1739,G
1740,year 1740,G
1741,year 1741,G
1742,year 1742,G
1743,year 1743,G
1744,year 1744,G
1745,year 1745,G
1746,year 1746,G
1747,year 1747,G
1748,year 1748,G
1749,year 1749,G
1750,year 1750,G
1751,year 1751,G
1752,year 1752,G
1753,year 1753,G
1754,year 1754,G
1755,year 1755,G
1756,year 1756,G
1757,year 1757,G
1758,year 1758,G
1759,year 1759,G
1760,year 1760,G
1761,year 1761,G
1762,year 1762,G
1763,year 1763,G
1764,year 1764,G
1765,year 1765,G
1766,year 1766,G
1767,year 1767,G
1768,year 1768,G
1769,year 1769,G
1770,year 1770,G
1771,year 1771,G
1772,year 1772,G
1773,year 1773,G
1774,year 1774,G
1775,year 1775,G
1776,year 1776,G
1777,year 1777,G
1778,year 1778,G
1779,year 1779,G
1780,year 1780,G
1781,year 1781,G
1782,year 1782,G
1783,year 1783,G
1784,year 1784,G
1785,year 1785,G
1786,year 1786,G
1787,year 1787,G
1788,year 1788,G
1789,year 1789,G
1790,year 1790,G
1791,year 1791,G
1792,year 1792,G
1793,year 1793,G
1794,year 1794,G
1795,year 1795,G
1796,year 1796,G
1797,year 1797,G
1798,year 1798,G
1799,year 1799,G
1800,year 1800,G
1801,year 1801,G
1802,year 1802,G
1803,year 1803,G
1804,year 1804,G
1805,year 1805,G
1806,year 1806,G
1807,year 1807,G
1808,year 1808,G
1809,year 1809,G
1810,year 1810,G
1811,year 1811,G
1812,year 1812,G
1813,year 1813,G
1814,year 1814,G
1815,year 1815,G
1816,year 1816,G
1817,year 1817,G
1818,year 1818,G
1819,year 1819,G
1820,year 1820,G
1821,year 1821,G
1822,year 1822,G
1823,year 1823,G
1824,year 1824,G
1825,year 1825,G
1826,year 1826,G
1827,year 1827,G
1828,year 1828,G
1829,year 1829,G
1830,year 1830,G
1831,year 1831,G
1832,year 1832,G
1833,year 1833,G
1834,year 1834,G
1835,year 1835,G
1836,year 1836,G
1837,year 1837,G
1838,year 1838,G
1839,year 1839,G
1840,year 1840,G
1841,year 1841,G
1842,year 1842,G
1843,year 1843,G
1844,year 1844,G
1845,year 1845,G
1846,year 1846,G
1847,year 1847,G
1848,year 1848,G
1849,year 1849,G
1850,year 1850,G
1851,year 1851,G
1852,year 1852,G
1853,year 1853,G
1854,year 1854,G
1855,year 1855,G
1856,year 1856,G
1857,year 1857,G
1858,year 1858,G
1859,year 1859,G
1860,year 1860,G
1861,year 1861,G
1862,year 1862,G
1863,year 1863,G
1864,year 1864,G
1865,year 1865,G
1866,year 1866,G
1867,year 1867,G
1868,year 1868,G
1869,year 1869,G
1870,year 1870,G
1871,year 1871,G
1872,year 1872,G
1873,year 1873,G
1874,year 1874,G
1875,year 1875,G
1876,year 1876,G
1877,year 1877,G
1878,year 1878,G
1879,year 1879,G
1880,year 1880,G
1881,year 1881,G
1882,year 1882,G
1883,year 1883,G
1884,year 1884,G
1885,year 1885,G
1886,year 1886,G
1887,year 1887,G
1888,year 1888,G
1889,year 1889,G
1890,year 1890,G
1891,year 1891,G
1892,year 1892,G
1893,year 1893,G
1894,year 1894,G
1895,year 1895,G
1896,year 1896,G
1897,year 1897,G
1898,year 1898,G
1899,year 1899,G
1900,year 1900,G
1901,year 1901,G
1902,year 1902,G
1903,year 1903,G
1904,year 1904,G
1905,year 1905,G
1906,year 1906,G
1907,year 1907,G
1908,year 1908,G
1909,year 1909,G
1910,year 1910,G
1911,year 1911,G
1912,year 1912,G
1913,year 1913,G
1914,year 1914,G
1915,year 1915,G
1916,year 1916,G
1917,year 1917,G
1918,year 1918,G
1919,year 1919,G
1920,year 1920,G
1921,year 1921,G
1922,year 1922,G
1923,year 1923,G
1924,year 1924,G
1925,year 1925,G
1926,year 1926,G
1927,year 1927,G
1928,year 1928,G
1929,year 1929,G
1930,year 1930,G
1931,year 1931,G
1932,year 1932,G
1933,year 1933,G
1934,year 1934,G
1935,year 1935,G
1936,year 1936,G
1937,year 1937,G
1938,year 1938,G
1939,year 1939,G
1940,year 1940,G
1941,year 1941,G
1942,year 1942,G
1943,year 1943,G
1944,year 1944,G
1945,year 1945,G
1946,year 1946,G
1947,year 1947,G
1948,year 1948,G
1949,year 1949,G
1950,year 1950,G
1951,year 1951,G
1952,year 1952,G
1953,year 1953,G
1954,year 1954,G
1955,year 1955,G
1956,year 1956,G
1957,year 1957,G
1958,year 1958,G
1959,year 1959,G
1960,year 1960,G
1961,year 1961,G
1962,year 1962,G
1963,year 1963,G
1964,year 1964,G
1965,year 1965,G
1966,year 1966,G
1967,year 1967,G
1968,year 1968,G
1969,year 1969,G
1970,year 1970,G
1971,year 1971,G
1972,year 1972,G
1973,year 1973,G
1974,year 1974,G
1975,year 1975,G
1976,year 1976,G
1977,year 1977,G
1978,year 1978,G
1979,year 1979,G
1980,year 1980,G
1981,year 1981,G
1982,year 1982,G
1983,year 1983,G
1984,year 1984,G
1985,year 1985,G
1986,year 1986,G
1987,year 1987,G
1988,year 1988,G
1989,year 1989,G
1990,year 1990,G
1991,year 1991,G
1992,year 1992,G
1993,year 1993,G
1994,year 1994,G
1995,year 1995,G
1996,year 1996,G
1997,year 1997,G
1998,year 1998,G
1999,year 1999,G
2000,year 2000,G
2001,year 2001,G
2002,year 2002,G
2003,year 2003,G
2004,year 2004,G
2005,year 2005,G
2006,year 2006,G
2007,year 2007,G
2008,year 2008,G
2009,year 2009,G
2010,year 2010,G
2011,year 2011,G
2012,year 2012,G
2013,year 2013,G
2014,year 2014,G
2015,year 2015,G
2016,year 2016,G
2017,year 2017,G
2018,year 2018,G
2019,year 2019,G
2020,year 2020,G
2021,year 2021,G
2022,year 2022,G
2023,year 2023,G
2024,year 2024,G
2025,year 2025,G
2026,year 2026,G
2027,year 2027,G
2028,year 2028,G
2029,year 2029,G
2030,year 2030,G
2031,year 2031,G
2032,year 2032,G
2033,year 2033,G
2034,year 2034,G
2035,year 2035,G
2036,year 2036,G
2037,year 2037,G
2038,year 2038,G
2039,year 2039,G
2040,year 2040,G
2041,year 2041,G
2042,year 2042,G
2043,year 2043,G
2044,year 2044,G
2045,year 2045,G
2046,year 2046,G
2047,year 2047,G
2048,year 2048,G
2049,year 2049,G
2050,year 2050,G
2051,year 2051,G
2052,year 2052,G
2053,year 2053,G
2054,year 2054,G
2055,year 2055,G
2056,year 2056,G
2057,year 2057,G
2058,year 2058,G
2059,year 2059,G
2060,year 2060,G
2061,year 2061,G
2062,year 2062,G
2063,year 2063,G
2064,year 2064,G
2065,year 2065,G
2066,year 2066,G
2067,year 2067,G
2068,year 2068,G
2069,year 2069,G
2070,year 2070,G
2071,year 2071,G
2072,year 2072,G
2073,year 2073,G
2074,year 2074,G
2075,year 2075,G
2076,year 2076,G
2077,year 2077,G
2078,year 2078,G
2079,year 2079,G
2080,year 2080,G
2081,year 2081,G
2082,year 2082,G
2083,year 2083,G
2084,year 2084,G
2085,year 2085,G
2086,year 2086,G
2087,year 2087,G
2088,year 2088,G
2089,year 2089,G
2090,year 2090,G
2091,year 2091,G
2092,year 2092,G
2093,year 2093,G
2094,year 2094,G
2095,year 2095,G
2096,year 2096,G
2097,year 2097,G
2098,year 2098,G
2099,year 2099,G
2100,year 2100,G
2101,year 2101,G
2102,year 2102,G
2103,year 2103,G
2104,year 2104,G
2105,year 2105,G
2106,year 2106,G
2107,year 2107,G
2108,year 2108,G
2109,year 2109,G
2110,year 2110,G
2111,year 2111,G
2112,year 2112,G
2113,year 2113,G
2114,year 2114,G
2115,year 2115,G
2116,year 2116,G
2117,year 2117,G
2118,year 2118,G
2119,year 2119,G
2120,year 2120,G
2121,year 2121,G
2122,year 2122,G
2123,year 2123,G
2124,year 2124,G
2125,year 2125,G
2126,year 2126,G
2127,year 2127,G
2128,year 2128,G
2129,year 2129,G
2130,year 2130,G
2131,year 2131,G
2132,year 2132,G
2133,year 2133,G
2134,year 2134,G
2135,year 2135,G
2136,year 2136,G
2137,year 2137,G
2138,year 2138,G
2139,year 2139,G
2140,year 2140,G
2141,year 2141,G
2142,year 2142,G
2143,year 2143,G
2144,year 2144,G
2145,year 2145,G
2146,year 2146,G
2147,year 2147,G
2148,year 2148,G
2149,year 2149,G
2150,year 2150,G
2151,year 2151,G
2152,year 2152,G
2153,year 2153,G
2154,year 2154,G
2155,year 2155,G
2156,year 2156,G
2157,year 2157,G
2158,year 2158,G
2159,year 2159,G
2160,year 2160,G
2161,year 2161,G
2162,year 2162,G
2163,year 2163,G
2164,year 2164,G
2165,year 2165,G
2166,year 2166,G
2167,year 2167,G
2168,year 2168,G
2169,year 2169,G
2170,year 2170,G
2171,year 2171,G
2172,year 2172,G
2173,year 2173,G
2174,year 2174,G
2175,year 2175,G
2176,year 2176,G
2177,year 2177,G
2178,year 2178,G
2179,year 2179,G
2180,year 2180,G
2181,year 2181,G
2182,year 2182,G
2183,year 2183,G
2184,year 2184,G
2185,year 2185,G
2186,year 2186,G
2187,year 2187,G
2188,year 2188,G
2189,year 2189,G
2190,year 2190,G
2191,year 2191,G
2192,year 2192,G
2193,year 2193,G
2194,year 2194,G
2195,year 2195,G
2196,year 2196,G
2197,year 2197,G
2198,year 2198,G
2199,year 2199,G
2200,year 2200,G
2201,year 2201,G
2202,year 2202,G
2203,year 2203,G
2204,year 2204,G
2205,year 2205,G
2206,year 2206,G
2207,year 2207,G
2208,year 2208,G
2209,year 2209,G
2210,year 2210,G
2211,year 2211,G
2212,year 2212,G
2213,year 2213,G
2214,year 2214,G
2215,year 2215,G
2216,year 2216,G
2217,year 2217,G
2218,year 2218,G
2219,year 2219,G
2220,year 2220,G
2221,year 2221,G
2222,year 2222,G
2223,year 2223,G
2224,year 2224,G
2225,year 2225,G
2226,year 2226,G
2227,year 2227,G
2228,year 2228,G
2229,year 2229,G
2230,year 2230,G
2231,year 2231,G
2232,year 2232,G
2233,year 2233,G
2234,year 2234,G
2235,year 2235,G
2236,year 2236,G
2237,year 2237,G
2238,year 2238,G
2239,year 2239,G
2240,year 2240,G
2241,year 2241,G
2242,year 2242,G
2243,year 2243,G
2244,year 2244,G
2245,year 2245,G
2246,year 2246,G
2247,year 2247,G
2248,year 2248,G
2249,year 2249,G
2250,year 2250,G
2251,year 2251,G
2252,year 2252,G
2253,year 2253,G
2254,year 2254,G
2255,year 2255,G
2256,year 2256,G
2257,year 2257,G
2258,year 2258,G
2259,year 2259,G
2260,year 2260,G
2261,year 2261,G
2262,year 2262,G
2263,year 2263,G
2264,year 2264,G
2265,year 2265,G
2266,year 2266,G
2267,year 2267,G
2268,year 2268,G
2269,year 2269,G
2270,year 2270,G
2271,year 2271,G
2272,year 2272,G
2273,year 2273,G
2274,year 2274,G
2275,year 2275,G
2276,year 2276,G
2277,year 2277,G
2278,year 2278,G
2279,year 2279,G
2280,year 2280,G
2281,year 2281,G
2282,year 2282,G
2283,year 2283,G
2284,year 2284,G
2285,year 2285,G
2286,year 2286,G
2287,year 2287,G
2288,year 2288,G
2289,year 2289,G
2290,year 2290,G
2291,year 2291,G
2292,year 2292,G
2293,year 2293,G
2294,year 2294,G
2295,year 2295,G
2296,year 2296,G
2297,year 2297,G
2298,year 2298,G
2299,year 2299,G
2300,year 2300,G
2301,year 2301,G
2302,year 2302,G
2303,year 2303,G
2304,year 2304,G
2305,year 2305,G
2306,year 2306,G
2307,year 2307,G
2308,year 2308,G
2309,year 2309,G
2310,year 2310,G
2311,year 2311,G
2312,year 2312,G
2313,year 2313,G
2314,year 2314,G
2315,year 2315,G
2316,year 2316,G
2317,year 2317,G
2318,year 2318,G
2319,year 2319,G
2320,year 2320,G
2321,year 2321,G
2322,year 2322,G
2323,year 2323,G
2324,year 2324,G
2325,year 2325,G
2326,year 2326,G
2327,year 2327,G
2328,year 2328,G
2329,year 2329,G
2330,year 2330,G
2331,year 2331,G
2332,year 2332,G
2333,year 2333,G
2334,year 2334,G
2335,year 2335,G
2336,year 2336,G
2337,year 2337,G
2338,year 2338,G
2339,year 2339,G
2340,year 2340,G
2341,year 2341,G
2342,year 2342,G
2343,year 2343,G
2344,year 2344,G
2345,year 2345,G
2346,year 2346,G
2347,year 2347,G
2348,year 2348,G
2349,year 2349,G
2350,year 2350,G
2351,year 2351,G
2352,year 2352,G
2353,year 2353,G
2354,year 2354,G
2355,year 2355,G
2356,year 2356,G
2357,year 2357,G
2358,year 2358,G
2359,year 2359,G
2360,year 2360,G
2361,year 2361,G
2362,year 2362,G
2363,year 2363,G
2364,year 2364,G
2365,year 2365,G
2366,year 2366,G
2367,year 2367,G
2368,year 2368,G
2369,year 2369,G
2370,year 2370,G
2371,year 2371,G
2372,year 2372,G
2373,year 2373,G
2374,year 2374,G
2375,year 2375,G
2376,year 2376,G
2377,year 2377,G
2378,year 2378,G
2379,year 2379,G
2380,year 2380,G
2381,year 2381,G
2382,year 2382,G
2383,year 2383,G
2384,year 2384,G
2385,year 2385,G
2386,year 2386,G
2387,year 2387,G
2388,year 2388,G
2389,year 2389,G
2390,year 2390,G
2391,year 2391,G
2392,year 2392,G
2393,year 2393,G
2394,year 2394,G
2395,year 2395,G
2396,year 2396,G
2397,year 2397,G
2398,year 2398,G
2399,year 2399,G
2400,year 2400,G
2401,year 2401,G
2402,year 2402,G
2403,year 2403,G
2404,year 2404,G
2405,year 2405,G
2406,year 2406,G
2407,year 2407,G
2408,year 2408,G
2409,year 2409,G
2410,year 2410,G
2411,year 2411,G
2412,year 2412,G
2413,year 2413,G
2414,year 2414,G
2415,year 2415,G
2416,year 2416,G
2417,year 2417,G
2418,year 2418,G
2419,year 2419,G
2420,year 2420,G
2421,year 2421,G
2422,year 2422,G
2423,year 2423,G
2424,year 2424,G
2425,year 2425,G
2426,year 2426,G
2427,year 2427,G
2428,year 2428,G
2429,year 2429,G
2430,year 2430,G
2431,year 2431,G
2432,year 2432,G
2433,year 2433,G
2434,year 2434,G
2435,year 2435,G
2436,year 2436,G
2437,year 2437,G
2438,year 2438,G
2439,year 2439,G
2440,year 2440,G
2441,year 2441,G
2442,year 2442,G
2443,year 2443,G
2444,year 2444,G
2445,year 2445,G
2446,year 2446,G
2447,year 2447,G
2448,year 2448,G
2449,year 2449,G
2450,year 2450,G
2451,year 2451,G
2452,year 2452,G
2453,year 2453,G
2454,year 2454,G
2455,year 2455,G
2456,year 2456,G
2457,year 2457,G
2458,year 2458,G
2459,year 2459,G
2460,year 2460,G
2461,year 2461,G
2462,year 2462,G
2463,year 2463,G
2464,year 2464,G
2465,year 2465,G
2466,year 2466,G
2467,year 2467,G
2468,year 2468,G
2469,year 2469,G
2470,year 2470,G
2471,year 2471,G
2472,year 2472,G
2473,year 2473,G
2474,year 2474,G
2475,year 2475,G
2476,year 2476,G
2477,year 2477,G
2478,year 2478,G
2479,year 2479,G
2480,year 2480,G
2481,year 2481,G
2482,year 2482,G
2483,year 2483,G
2484,year 2484,G
2485,year 2485,G
2486,year 2486,G
2487,year 2487,G
2488,year 2488,G
2489,year 2489,G
2490,year 2490,G
2491,year 2491,G
2492,year 2492,G
2493,year 2493,G
2494,year 2494,G
2495,year 2495,G
2496,year 2496,G
2497,year 2497,G
2498,year 2498,G
2499,year 2499,G
2500,year 2500,G
