A,_q0,_q1,_q2,_q3,_q4,_q5,_q6,_q7,_q8,_q9,_q10,_q11,_q12,_q13,_q14,_q15,_q16,_q17,_q18,_q19,_q20,_q21,_q22,_q23,_q24,_q25,_q26,_q27,_q28,_q29,_q30,_q31,_q32,_q33,_q34,_q35,_q36,_q37,_q38,_q39,_q40,_q41,_q42,_q43,_q44,_q45,_q46,_q47,_q48,_q49,_q50,_q51,_q52,_q53,_q54,_q55,_q56,_q57,_q58,_q59,_q60,_q61,_q62,_q63,_q64,_q65,_q66,_q67,_q68,_q69,_q70,_q71,_q72,_q73,_q74,_q75,_q76,_q77,_q78,_q79,_q80,_q81,_q82,_q83,_q84,_q85,_q86,_q87,_q88,_q89,_q90,_q91,_q92,_q93,_q94,_q95,_q96,_q97,_q98,_q99,_q100
3,0.06632,1.13547,1.62493,1.24144,1.38797,1.62189,1.58835,1.54578,1.66419,1.75871,1.80839,1.82839,1.88096,2.01424,2.17614,2.30879,2.40225,2.46069,2.48512,2.46589,2.45679,2.44447,2.40850,2.36484,2.31437,2.24469,2.15285,2.05726,1.96862,1.87476,1.77603,1.68587,1.58769,1.47291,1.37380,1.27919,1.18277,1.09529,1.02751,0.94541,0.87690,0.80873,0.74903,0.69847,0.65714,0.62377,0.59458,0.58485,0.57246,0.55613,0.57785,0.60362,0.64916,0.69122,0.73475,0.79386,0.85070,0.91753,0.99031,1.06446,1.13850,1.21903,1.30090,1.38120,1.45787,1.53496,1.61109,1.67516,1.75072,1.81771,1.87516,1.93121,1.99073,2.02809,2.05900,2.09323,2.11901,2.12830,2.12086,2.11769,2.09682,2.05557,2.01211,1.94427,1.87443,1.79079,1.67835,1.55335,1.37439,1.22607,1.01657,0.85663,0.60828,0.50371,0.38760,0.27958,0.21989,0.14059,0.11567,0.06226,0.03921
1,0.06368,0.52178,0.64755,0.53991,0.64714,0.67521,0.70122,0.78969,0.91378,1.01582,1.06826,1.09734,1.12884,1.15670,1.18548,1.22490,1.26785,1.31207,1.33764,1.37228,1.41641,1.45047,1.47319,1.48572,1.48702,1.48276,1.47312,1.47426,1.49241,1.50787,1.52232,1.53869,1.55322,1.56150,1.56776,1.55984,1.54414,1.54889,1.53323,1.50944,1.48762,1.47091,1.46263,1.44499,1.42784,1.41270,1.41755,1.41070,1.40327,1.40568,1.39134,1.41663,1.42319,1.42053,1.41770,1.43994,1.44756,1.47391,1.48712,1.51005,1.53014,1.55682,1.57572,1.59457,1.61464,1.63848,1.66015,1.69175,1.70700,1.73179,1.75684,1.78110,1.79845,1.81463,1.82987,1.83349,1.83485,1.83537,1.82797,1.80937,1.77887,1.74899,1.71027,1.66252,1.61668,1.50594,1.40179,1.28764,1.17813,1.04656,0.90118,0.73876,0.56705,0.40695,0.25943,0.16549,0.10976,0.07915,0.05446,0.03390,0.00000
1,0.14938,0.72690,0.54186,0.57631,0.66838,0.67909,0.73066,0.80129,0.85977,0.89394,0.91961,0.95974,1.02296,1.08935,1.15351,1.21275,1.27070,1.33184,1.39352,1.44417,1.48184,1.51926,1.54026,1.54519,1.54385,1.53948,1.53323,1.53713,1.55518,1.56843,1.58278,1.59403,1.58395,1.57021,1.56055,1.54795,1.52210,1.48730,1.46842,1.45221,1.43954,1.42378,1.39961,1.39469,1.39480,1.39162,1.40967,1.42086,1.41350,1.42246,1.42619,1.44853,1.45226,1.45078,1.45094,1.48764,1.50599,1.51292,1.52859,1.54404,1.56280,1.57849,1.59997,1.61471,1.62725,1.64845,1.66843,1.68997,1.70471,1.73119,1.75401,1.76051,1.77124,1.79367,1.80585,1.81350,1.82120,1.81728,1.80786,1.78782,1.75984,1.73612,1.68900,1.63381,1.59176,1.48554,1.38539,1.26105,1.15779,1.01555,0.86284,0.69928,0.53285,0.38397,0.25587,0.18473,0.13305,0.09850,0.07886,0.05928,0.03576
1,0.09309,0.53568,0.59747,0.52502,0.64058,0.66014,0.67046,0.73539,0.85458,0.94651,1.00970,1.04900,1.09730,1.13923,1.17486,1.23023,1.27835,1.32988,1.37382,1.42025,1.46956,1.51482,1.55172,1.57267,1.57446,1.57293,1.56795,1.56031,1.56291,1.57332,1.58289,1.57953,1.57279,1.56849,1.56455,1.55588,1.53604,1.51629,1.49252,1.46268,1.44640,1.42728,1.40329,1.40903,1.40115,1.38584,1.39537,1.37828,1.39790,1.38304,1.38399,1.41131,1.42188,1.43421,1.42697,1.45546,1.46365,1.49051,1.48483,1.48869,1.51293,1.52726,1.55308,1.57442,1.60144,1.61936,1.63938,1.66437,1.68973,1.70689,1.72113,1.74424,1.76378,1.76619,1.78358,1.80509,1.81134,1.81194,1.80853,1.80790,1.78865,1.75760,1.73570,1.68420,1.63159,1.58530,1.47444,1.35881,1.22238,1.10939,0.95938,0.80884,0.63572,0.45440,0.30074,0.16858,0.10181,0.08111,0.06557,0.04323,0.00000
3,0.05055,0.63774,1.24439,0.97852,1.15694,1.50231,1.56341,1.57877,1.68202,1.70857,1.64343,1.61041,1.66115,1.79133,1.92197,2.03842,2.12425,2.20601,2.25198,2.24814,2.23162,2.19829,2.16256,2.12348,2.07627,2.01508,1.94045,1.87036,1.79094,1.70208,1.61990,1.53775,1.46415,1.39529,1.32362,1.25173,1.19207,1.13776,1.07355,1.01968,0.95764,0.90830,0.86448,0.83057,0.78686,0.76926,0.74015,0.73384,0.73255,0.73100,0.73506,0.75492,0.76230,0.80060,0.83446,0.86890,0.91965,0.98636,1.05494,1.12350,1.19625,1.26978,1.34036,1.41894,1.49262,1.56344,1.62708,1.68728,1.74484,1.80438,1.85844,1.91064,1.96167,2.00053,2.02853,2.04729,2.06026,2.06570,2.05875,2.05025,2.03121,1.99162,1.94821,1.88997,1.81575,1.73852,1.62192,1.50207,1.41551,1.20723,1.06308,0.90344,0.66509,0.55431,0.40266,0.31539,0.23339,0.15156,0.11678,0.05916,0.04428
1,0.10901,0.63258,0.59125,0.50309,0.58967,0.61279,0.69791,0.83291,0.94202,1.02249,1.07004,1.10837,1.14687,1.17542,1.21061,1.25421,1.31093,1.37795,1.43167,1.47382,1.51335,1.54445,1.56749,1.57300,1.56362,1.55997,1.56021,1.55639,1.54778,1.54210,1.54828,1.54537,1.53502,1.53770,1.53184,1.52084,1.50624,1.47719,1.45982,1.43749,1.41857,1.40455,1.38059,1.35823,1.35844,1.35853,1.35053,1.36972,1.37569,1.39139,1.40674,1.40567,1.42104,1.43477,1.43787,1.46040,1.48075,1.49797,1.52427,1.54307,1.56471,1.58846,1.61661,1.64434,1.66978,1.70025,1.72309,1.75033,1.77807,1.80201,1.82007,1.82425,1.83558,1.84557,1.84538,1.84540,1.84623,1.83835,1.82021,1.80050,1.77540,1.74481,1.70183,1.63768,1.58298,1.51850,1.37826,1.26364,1.13788,1.01787,0.87161,0.71980,0.56338,0.41136,0.28846,0.20368,0.14701,0.11621,0.09040,0.05782,0.04442
1,0.07378,0.47267,0.58691,0.52313,0.62633,0.64598,0.65868,0.72761,0.81958,0.90693,0.96997,1.01888,1.09040,1.16537,1.22164,1.28489,1.35435,1.41302,1.45820,1.49929,1.53438,1.57308,1.60595,1.61906,1.61351,1.60442,1.60436,1.60236,1.59773,1.59992,1.60504,1.60533,1.59282,1.58524,1.57619,1.54643,1.52984,1.50233,1.46318,1.44163,1.41548,1.39334,1.36381,1.34848,1.34656,1.34614,1.34145,1.33768,1.34920,1.36206,1.37686,1.36730,1.39508,1.41411,1.44177,1.45433,1.44673,1.46908,1.48591,1.50801,1.53914,1.55799,1.57672,1.59011,1.61193,1.63190,1.65976,1.68004,1.70536,1.72949,1.75238,1.77325,1.79629,1.81311,1.81995,1.82720,1.83405,1.83609,1.83335,1.82348,1.80762,1.78919,1.75906,1.69652,1.61701,1.56445,1.48767,1.38784,1.23345,1.10329,0.94628,0.79113,0.63111,0.46628,0.32985,0.21089,0.14763,0.11383,0.08274,0.05543,0.02675
2,0.05648,0.73697,1.01401,0.77913,0.80545,0.99747,1.00555,1.03043,1.18468,1.26784,1.27451,1.29152,1.33520,1.40998,1.51603,1.59796,1.65672,1.69800,1.72828,1.74965,1.76473,1.76110,1.74823,1.74476,1.73370,1.72774,1.71463,1.67196,1.63251,1.59161,1.52942,1.46751,1.42356,1.37883,1.32209,1.28853,1.26002,1.22028,1.18529,1.16013,1.12441,1.10510,1.08297,1.06497,1.03156,1.02733,1.00637,1.00203,0.99440,1.01009,1.01419,1.03103,1.04329,1.07227,1.11141,1.14900,1.19789,1.24112,1.29161,1.34496,1.41646,1.47138,1.52809,1.58619,1.63983,1.68697,1.73450,1.77971,1.83213,1.87035,1.90127,1.93565,1.96287,1.98543,2.00274,2.01168,2.01484,2.01460,2.00471,1.97999,1.94522,1.90602,1.85987,1.79493,1.72976,1.63389,1.53285,1.46223,1.27927,1.14091,0.98259,0.75027,0.60303,0.40002,0.25851,0.20773,0.14894,0.11701,0.09297,0.04914,0.03082
2,0.09654,0.92696,0.92259,0.85139,1.00629,1.11077,1.09428,1.14430,1.30234,1.42825,1.48942,1.52829,1.60365,1.69605,1.77791,1.84452,1.89854,1.94697,1.96262,1.96168,1.95701,1.93342,1.90706,1.87748,1.85168,1.82691,1.78716,1.73925,1.68438,1.62490,1.56607,1.50983,1.45562,1.39934,1.35644,1.31415,1.26932,1.22177,1.16793,1.13899,1.11122,1.08916,1.06944,1.05042,1.04580,1.02372,1.01494,0.99534,1.00000,0.99409,1.00392,1.01654,1.03910,1.06506,1.11509,1.15225,1.19538,1.24387,1.29336,1.34189,1.40677,1.45393,1.50708,1.55628,1.60185,1.65127,1.69701,1.73691,1.78048,1.82044,1.85626,1.88861,1.92687,1.95181,1.96300,1.96984,1.96961,1.96589,1.95433,1.93267,1.90612,1.87016,1.82185,1.76925,1.70177,1.62860,1.52008,1.40389,1.32109,1.10267,0.97902,0.79320,0.57672,0.46593,0.32411,0.25324,0.19660,0.13346,0.11237,0.04907,0.03262
2,0.05750,0.57150,1.04025,0.80794,0.85412,1.05939,1.07495,1.12887,1.30182,1.39477,1.41860,1.39845,1.41145,1.48284,1.58568,1.69270,1.78135,1.82847,1.84877,1.85386,1.85306,1.83470,1.80982,1.78991,1.75863,1.73210,1.69999,1.63786,1.58404,1.52845,1.45150,1.38931,1.33121,1.28591,1.24345,1.19732,1.16262,1.13415,1.09848,1.07447,1.05352,1.06057,1.05166,1.04163,1.01844,1.02308,1.01387,1.01394,1.01948,1.04476,1.05153,1.08659,1.10441,1.13297,1.16913,1.22117,1.25232,1.30152,1.35662,1.41293,1.45941,1.50968,1.55693,1.60294,1.64368,1.69672,1.74556,1.79316,1.84817,1.88908,1.92050,1.95577,1.98749,2.00300,2.02357,2.03883,2.03881,2.03257,2.01661,1.99771,1.96732,1.92144,1.86869,1.80608,1.72770,1.64175,1.52099,1.39722,1.27288,1.10835,0.91539,0.74557,0.54003,0.39458,0.29132,0.21618,0.16022,0.12488,0.06605,0.05029,0.00000
3,0.18822,1.56446,1.19904,1.10609,1.28947,1.45039,1.42351,1.55323,1.78692,1.83932,1.77152,1.74219,1.78322,1.86386,1.94306,2.01741,2.05722,2.07572,2.07411,2.06416,2.05944,2.02613,1.96858,1.92679,1.89603,1.85726,1.80224,1.73763,1.66442,1.56873,1.47895,1.41627,1.34616,1.26457,1.19785,1.13881,1.07225,1.00363,0.95408,0.90405,0.86149,0.82790,0.79641,0.77629,0.74836,0.75716,0.73944,0.74161,0.74228,0.75763,0.78035,0.80850,0.84730,0.87098,0.92571,0.96875,1.03199,1.07966,1.13885,1.21165,1.27870,1.34839,1.41504,1.47524,1.53855,1.60409,1.66118,1.72011,1.77832,1.83766,1.89319,1.94626,1.98724,2.01898,2.03920,2.04911,2.05409,2.05262,2.04063,2.01574,1.98557,1.94291,1.88507,1.81982,1.74470,1.64884,1.53136,1.41213,1.24887,1.06035,0.96216,0.64865,0.57158,0.39415,0.34760,0.23508,0.18729,0.15444,0.08341,0.09020,0.02713
3,0.03894,0.58518,1.46216,1.04816,1.16891,1.56068,1.68247,1.74071,1.88960,1.89445,1.75472,1.70636,1.77197,1.88630,2.03148,2.16318,2.25469,2.31026,2.34065,2.35795,2.34301,2.29320,2.24904,2.19553,2.13346,2.06005,1.97260,1.87978,1.78287,1.69243,1.59744,1.50864,1.42003,1.32005,1.23424,1.15408,1.08024,1.00503,0.95108,0.89217,0.85518,0.83508,0.81234,0.77530,0.76521,0.76371,0.77522,0.79075,0.79243,0.81746,0.83869,0.85993,0.90285,0.93210,0.96849,1.01915,1.05669,1.09600,1.15241,1.21558,1.27164,1.33530,1.39749,1.46324,1.52490,1.58841,1.65327,1.70905,1.76164,1.81318,1.86037,1.90376,1.94075,1.97409,1.99800,2.00734,2.01064,2.00295,1.99049,1.97456,1.94460,1.91016,1.85690,1.79510,1.72556,1.63112,1.53451,1.42678,1.26249,1.14480,0.95455,0.73822,0.59024,0.46471,0.31858,0.27668,0.20327,0.13394,0.09690,0.06070,0.04152
2,0.11561,0.96209,0.97597,0.87508,1.00978,1.14391,1.13360,1.17521,1.32533,1.42611,1.47750,1.49687,1.57149,1.66861,1.75407,1.81600,1.86789,1.90924,1.92896,1.92718,1.92255,1.89944,1.87812,1.85889,1.82456,1.79175,1.75185,1.69395,1.63430,1.56881,1.50167,1.44854,1.39065,1.32912,1.28201,1.24123,1.20519,1.16851,1.14783,1.11483,1.09880,1.08611,1.06960,1.04210,1.02634,1.01268,1.00865,1.00906,1.01584,1.01668,1.00731,1.02954,1.06659,1.09072,1.12187,1.16326,1.22249,1.26041,1.31420,1.36726,1.41572,1.46844,1.52382,1.56907,1.61162,1.65930,1.69749,1.73376,1.76643,1.79949,1.83120,1.86770,1.88501,1.89440,1.91000,1.91210,1.90340,1.89321,1.88347,1.86425,1.82919,1.78575,1.73660,1.68263,1.58736,1.51936,1.44713,1.27883,1.19997,1.02728,0.85949,0.70111,0.53801,0.39143,0.29226,0.22897,0.17535,0.12587,0.09916,0.07024,0.05968
1,0.05877,0.32850,0.61094,0.51722,0.59946,0.64215,0.64858,0.67667,0.74969,0.81699,0.87221,0.93110,0.99524,1.06181,1.12989,1.18983,1.25179,1.31741,1.37989,1.44135,1.48651,1.52577,1.55129,1.56489,1.56975,1.56667,1.57382,1.58092,1.59090,1.60367,1.60789,1.62251,1.62381,1.61163,1.59273,1.58144,1.55006,1.51553,1.49004,1.46688,1.45172,1.43689,1.42190,1.41766,1.42056,1.44014,1.44290,1.42637,1.43050,1.44653,1.44085,1.43527,1.45732,1.45202,1.45900,1.45819,1.47538,1.48660,1.51878,1.52813,1.54489,1.56218,1.56374,1.58561,1.60415,1.63353,1.65556,1.68494,1.71926,1.73662,1.74758,1.76826,1.78479,1.80016,1.81055,1.81962,1.82985,1.82333,1.80972,1.79369,1.76669,1.73388,1.69429,1.64604,1.58861,1.54006,1.43898,1.32716,1.18809,1.06175,0.91347,0.75632,0.59839,0.43762,0.29878,0.19508,0.15112,0.12489,0.10587,0.07319,0.05565
3,0.04594,0.51748,1.22191,0.91398,0.98399,1.26273,1.31902,1.32571,1.44487,1.51413,1.48172,1.46154,1.50742,1.61537,1.73676,1.86641,1.98027,2.05045,2.08790,2.10362,2.09677,2.07374,2.04382,2.00516,1.97139,1.92395,1.85397,1.78102,1.69972,1.61855,1.54509,1.46425,1.38129,1.31440,1.25323,1.18946,1.13425,1.07782,1.02765,0.97917,0.94953,0.91611,0.90008,0.88125,0.85790,0.84431,0.83776,0.83516,0.85089,0.86276,0.86817,0.87967,0.91505,0.94873,0.97748,1.02054,1.05202,1.10659,1.15744,1.21918,1.28457,1.34894,1.41884,1.49106,1.54666,1.60976,1.67203,1.72860,1.77270,1.82657,1.87796,1.93110,1.97247,1.99378,2.00976,2.01747,2.01537,2.01004,2.00298,1.98288,1.94900,1.91328,1.86208,1.79556,1.71600,1.62279,1.50947,1.39252,1.26400,1.12370,0.86011,0.71981,0.49304,0.45184,0.29826,0.25339,0.20261,0.11555,0.10973,0.07589,0.05093
1,0.08174,0.48705,0.60698,0.56847,0.70361,0.74386,0.77051,0.82185,0.89485,0.95242,0.96758,1.00953,1.07424,1.12919,1.17600,1.22531,1.28167,1.33601,1.38806,1.43864,1.47946,1.51205,1.53917,1.55160,1.55388,1.55304,1.55539,1.56456,1.58199,1.60586,1.62054,1.61969,1.61468,1.62224,1.62322,1.60526,1.57339,1.53922,1.51052,1.48461,1.45713,1.42586,1.41217,1.39561,1.37967,1.37835,1.36322,1.35227,1.36209,1.35249,1.35139,1.37758,1.39671,1.39521,1.40744,1.40959,1.42361,1.45429,1.45515,1.48523,1.50309,1.53245,1.56475,1.59156,1.61713,1.64143,1.65835,1.68683,1.71561,1.74461,1.76657,1.79334,1.81700,1.83648,1.85496,1.86962,1.87629,1.87968,1.88206,1.86443,1.83282,1.80258,1.75380,1.69757,1.64825,1.54583,1.44543,1.31829,1.20537,1.06632,0.91376,0.74991,0.56887,0.40065,0.24620,0.16292,0.13900,0.10510,0.07579,0.06298,0.00000
3,0.09198,1.24067,1.29498,1.06635,1.22192,1.45033,1.45211,1.60141,1.84459,1.86537,1.78572,1.74878,1.77526,1.84455,1.91325,1.99189,2.04920,2.08015,2.10189,2.12320,2.11749,2.08628,2.03210,1.98426,1.94641,1.90162,1.84362,1.77786,1.71094,1.63068,1.54915,1.47159,1.39534,1.33469,1.26949,1.20611,1.14697,1.09600,1.04184,1.01466,0.98394,0.95082,0.94676,0.91827,0.89288,0.88612,0.88048,0.86702,0.86630,0.85754,0.88118,0.89528,0.92157,0.95549,0.98326,1.01780,1.08300,1.12745,1.18681,1.24031,1.29271,1.36389,1.42452,1.49166,1.55927,1.62035,1.67985,1.74247,1.79035,1.84376,1.89868,1.93742,1.96711,1.99473,2.02070,2.03350,2.03740,2.03652,2.01660,1.98857,1.96571,1.92995,1.86691,1.79415,1.72498,1.63676,1.53294,1.44584,1.23569,1.12570,0.93081,0.76147,0.58723,0.45275,0.34947,0.26384,0.19931,0.14700,0.09295,0.06791,0.03730
1,0.05719,0.31705,0.59611,0.52555,0.64367,0.71021,0.76331,0.80723,0.87535,0.93122,0.95196,0.96522,1.01176,1.06758,1.12979,1.18878,1.25906,1.33037,1.40072,1.47219,1.53145,1.57865,1.60819,1.62313,1.63244,1.63070,1.62484,1.61857,1.61918,1.63127,1.63950,1.64888,1.65175,1.64465,1.63415,1.61672,1.59817,1.56129,1.53887,1.51409,1.49008,1.47239,1.44992,1.45193,1.44372,1.44707,1.42896,1.44170,1.44682,1.45215,1.47137,1.46286,1.46013,1.46198,1.47597,1.48480,1.49169,1.50090,1.50307,1.50150,1.51537,1.53446,1.55415,1.56246,1.57496,1.60097,1.62036,1.63252,1.64941,1.67788,1.70222,1.72443,1.74284,1.76011,1.77453,1.78998,1.80284,1.80560,1.80364,1.80013,1.78538,1.74477,1.71396,1.67619,1.58042,1.50080,1.41511,1.32934,1.21279,1.09692,0.94845,0.78524,0.62393,0.44576,0.28585,0.18801,0.12732,0.10238,0.07518,0.07175,0.04256
3,0.05937,0.96488,1.57922,1.14336,1.20103,1.49324,1.42231,1.38029,1.49882,1.59515,1.61572,1.66112,1.72023,1.82767,1.92697,2.03050,2.11302,2.17346,2.20663,2.19801,2.18969,2.16537,2.13061,2.09690,2.06519,2.02009,1.95237,1.88159,1.81201,1.73699,1.65282,1.57265,1.49556,1.41065,1.34010,1.26191,1.18573,1.12668,1.05909,0.98181,0.93693,0.89409,0.85245,0.80823,0.78007,0.76767,0.73871,0.73320,0.72607,0.71653,0.72030,0.74343,0.78261,0.80599,0.85954,0.90943,0.97223,1.03141,1.10478,1.17163,1.23613,1.30863,1.37770,1.45057,1.52652,1.60187,1.66561,1.72926,1.78910,1.84737,1.90528,1.94996,1.99497,2.04352,2.07302,2.09471,2.11430,2.11844,2.10601,2.08380,2.05662,2.01653,1.96031,1.88572,1.81000,1.71024,1.58447,1.46559,1.32163,1.13340,0.91538,0.71784,0.51754,0.43555,0.26914,0.27247,0.19314,0.11598,0.10972,0.06182,0.06036
2,0.05775,0.65603,1.05993,0.86910,0.98758,1.11277,1.08863,1.12689,1.23084,1.33433,1.41312,1.44875,1.51119,1.61461,1.71316,1.80467,1.87891,1.92762,1.94551,1.95058,1.94040,1.92168,1.88668,1.85535,1.83670,1.80353,1.75887,1.70355,1.63872,1.58288,1.53187,1.47575,1.42115,1.37974,1.33069,1.28994,1.24637,1.20826,1.18332,1.15415,1.11997,1.09259,1.05815,1.05182,1.02403,1.02410,1.01238,1.01162,1.01283,1.03149,1.04853,1.06328,1.10938,1.15187,1.18695,1.24637,1.28862,1.33982,1.39955,1.44768,1.50079,1.53663,1.58688,1.64418,1.68462,1.72754,1.78192,1.82073,1.86127,1.90374,1.93729,1.96084,1.98347,2.00524,2.02031,2.02844,2.01981,2.00467,1.99104,1.96216,1.92615,1.88565,1.83336,1.77457,1.68807,1.59675,1.53623,1.36701,1.24330,1.11322,0.89938,0.73831,0.56986,0.41679,0.28770,0.23733,0.17793,0.14169,0.11511,0.09185,0.06209
1,0.06936,0.47182,0.63230,0.55398,0.65603,0.67411,0.68325,0.72752,0.82333,0.89935,0.94998,0.98825,1.05200,1.11114,1.15726,1.21327,1.27765,1.32792,1.38715,1.45046,1.48709,1.52176,1.55817,1.58278,1.59036,1.58864,1.58760,1.58276,1.58250,1.58779,1.58506,1.58333,1.57951,1.56874,1.56359,1.54466,1.52532,1.50144,1.46909,1.43935,1.41966,1.41262,1.40263,1.39033,1.38308,1.38060,1.38087,1.38115,1.38912,1.40587,1.39758,1.41484,1.41270,1.43254,1.42536,1.42674,1.45675,1.45770,1.47604,1.49796,1.53165,1.55040,1.57236,1.59354,1.62143,1.64535,1.67116,1.69007,1.71182,1.72930,1.74795,1.76208,1.77101,1.79097,1.81344,1.81652,1.81420,1.81607,1.80173,1.77796,1.75468,1.72519,1.69015,1.64616,1.57865,1.45875,1.38825,1.30424,1.19388,1.06005,0.90861,0.73304,0.57371,0.42159,0.28177,0.19050,0.14081,0.10658,0.08200,0.06811,0.05070
1,0.06769,0.47809,0.57542,0.52555,0.63687,0.64148,0.66355,0.69306,0.80927,0.87987,0.90226,0.92652,0.98370,1.02618,1.06451,1.12106,1.18122,1.23589,1.29396,1.36675,1.43064,1.49062,1.53621,1.57102,1.59429,1.60114,1.59998,1.60511,1.61050,1.61693,1.64143,1.65243,1.65028,1.64928,1.63852,1.62257,1.61717,1.59921,1.57308,1.53859,1.51876,1.48455,1.46528,1.44414,1.42367,1.41287,1.42033,1.41940,1.42199,1.42923,1.42360,1.42679,1.44453,1.45695,1.46291,1.45697,1.47697,1.49454,1.51104,1.52394,1.52781,1.54184,1.54394,1.56289,1.57499,1.59078,1.61237,1.63240,1.65619,1.68692,1.70885,1.72041,1.73693,1.75775,1.77297,1.78956,1.80031,1.79957,1.79958,1.79402,1.78041,1.76089,1.73317,1.68445,1.60868,1.56180,1.48948,1.39816,1.27323,1.14958,1.00065,0.83934,0.66599,0.48307,0.32012,0.19607,0.10751,0.08043,0.06466,0.04624,0.05064
3,0.06008,0.78225,1.52563,1.03664,1.13971,1.43107,1.43708,1.36618,1.44566,1.56549,1.59821,1.64065,1.69032,1.77585,1.89771,2.00532,2.08752,2.15793,2.19133,2.19330,2.18651,2.17740,2.14555,2.09377,2.04250,1.99287,1.92526,1.85099,1.78768,1.71889,1.64321,1.56962,1.49140,1.40564,1.33480,1.25517,1.18277,1.10899,1.04494,0.98130,0.92289,0.86650,0.81537,0.76511,0.72122,0.70296,0.67342,0.67369,0.66712,0.70178,0.69080,0.72243,0.74860,0.78676,0.82681,0.87937,0.94203,0.99519,1.05510,1.11907,1.18304,1.25523,1.32590,1.39482,1.46364,1.53434,1.60483,1.68153,1.74682,1.80337,1.85920,1.91519,1.96526,2.00305,2.03317,2.06202,2.08396,2.09330,2.09408,2.08904,2.06839,2.02601,1.97769,1.92095,1.84532,1.76516,1.66475,1.53585,1.39087,1.33261,1.02289,0.88751,0.65830,0.52413,0.38135,0.31209,0.24274,0.16164,0.13044,0.08438,0.06507
3,0.04944,0.58393,1.65894,1.15820,1.24139,1.59120,1.63541,1.52857,1.56412,1.71949,1.77976,1.83853,1.91550,2.00688,2.12890,2.22169,2.31114,2.37714,2.38682,2.38470,2.37175,2.33296,2.28641,2.23100,2.16434,2.09913,2.02168,1.94785,1.87479,1.78610,1.69828,1.60569,1.53505,1.45568,1.36904,1.29180,1.22390,1.14799,1.08169,1.03108,0.97650,0.92578,0.88151,0.85121,0.81605,0.79904,0.78855,0.77760,0.78080,0.78441,0.78619,0.81143,0.84835,0.87239,0.90928,0.96190,1.00911,1.07152,1.13157,1.18537,1.24338,1.31512,1.38210,1.44969,1.50554,1.56973,1.62570,1.69293,1.74974,1.79587,1.83995,1.87058,1.90799,1.94329,1.96998,1.99197,1.99881,1.99393,1.97766,1.94604,1.90835,1.87220,1.82625,1.76020,1.68502,1.59497,1.48863,1.37672,1.22271,1.04684,0.92565,0.67342,0.56327,0.43815,0.31295,0.26808,0.19049,0.15158,0.10334,0.08973,0.06888
3,0.04031,0.56176,1.43583,1.02303,1.15100,1.49305,1.53385,1.50342,1.63600,1.68757,1.63181,1.61360,1.66799,1.80894,1.95181,2.08705,2.18853,2.25852,2.28903,2.28638,2.27046,2.24088,2.20066,2.15492,2.10036,2.03044,1.94526,1.85929,1.76938,1.67763,1.59973,1.51630,1.42816,1.35046,1.27292,1.19282,1.12600,1.06400,0.99727,0.95020,0.89886,0.85433,0.81332,0.78882,0.77807,0.75442,0.74248,0.73977,0.74607,0.74138,0.78063,0.80268,0.82928,0.86928,0.89754,0.94100,1.00257,1.05614,1.11697,1.18327,1.25590,1.32282,1.38821,1.46461,1.54256,1.61044,1.68552,1.74944,1.80795,1.86161,1.91307,1.95945,2.00159,2.03521,2.05407,2.06417,2.07248,2.06874,2.04830,2.02305,1.99308,1.94848,1.88813,1.82319,1.74516,1.65864,1.56191,1.43277,1.32938,1.13204,0.98702,0.77595,0.64581,0.44038,0.34617,0.27477,0.19444,0.15405,0.11674,0.08795,0.05926
2,0.11302,0.81692,0.88644,0.79994,0.95715,1.03723,1.02612,1.13032,1.26692,1.35641,1.38845,1.41795,1.47279,1.56988,1.67548,1.76226,1.81675,1.84774,1.87121,1.87373,1.86020,1.85281,1.84220,1.82455,1.80611,1.78349,1.73975,1.68217,1.62554,1.57693,1.53055,1.46985,1.42092,1.37058,1.32275,1.27932,1.23692,1.19746,1.17279,1.14855,1.12368,1.10457,1.07284,1.05174,1.04774,1.03846,1.02570,1.01426,1.01309,1.02449,1.03211,1.05540,1.07938,1.11802,1.16161,1.18153,1.21830,1.26007,1.30735,1.34989,1.39947,1.43863,1.48958,1.53772,1.59195,1.63303,1.68188,1.73309,1.78077,1.82584,1.86464,1.90176,1.93433,1.95339,1.96115,1.96316,1.96517,1.96042,1.94230,1.91740,1.88937,1.85325,1.80248,1.74966,1.66019,1.55255,1.50688,1.36072,1.23594,1.11543,0.90108,0.74594,0.56629,0.41834,0.27636,0.22202,0.14488,0.12206,0.09078,0.07514,0.04787
3,0.05537,0.91849,1.59779,1.21249,1.37939,1.72930,1.77557,1.79567,1.89161,1.89075,1.78902,1.82777,1.95652,2.13258,2.30003,2.41023,2.49716,2.54297,2.55886,2.54623,2.52955,2.50337,2.46280,2.41882,2.36544,2.29879,2.21702,2.12267,2.02014,1.91375,1.81137,1.70964,1.61714,1.52386,1.41362,1.32432,1.23348,1.14189,1.05800,0.97938,0.89719,0.83746,0.77732,0.72747,0.68632,0.66175,0.64907,0.64196,0.63072,0.63903,0.65495,0.67549,0.72040,0.75446,0.79111,0.84215,0.88187,0.94187,0.99714,1.05459,1.11746,1.17816,1.24060,1.30991,1.38010,1.45073,1.51738,1.58538,1.64900,1.71499,1.78908,1.84777,1.89658,1.94330,1.98233,2.00968,2.02532,2.03400,2.03451,2.02377,2.00362,1.96845,1.91820,1.86689,1.79686,1.70733,1.61378,1.50226,1.34538,1.14188,1.05572,0.76118,0.64021,0.47232,0.36661,0.28198,0.21027,0.16108,0.08532,0.09476,0.03833
2,0.04964,0.37183,0.99996,0.77981,0.78042,0.94654,0.98389,0.96149,1.05656,1.18640,1.27731,1.31901,1.34803,1.39480,1.47947,1.55156,1.61659,1.67590,1.70974,1.74094,1.75377,1.74870,1.74788,1.74234,1.73533,1.72475,1.69598,1.65410,1.61461,1.57051,1.51654,1.47335,1.42944,1.37945,1.33530,1.30283,1.26798,1.22676,1.19957,1.18019,1.16670,1.14096,1.11650,1.10275,1.07998,1.06699,1.06645,1.06671,1.07267,1.05109,1.06436,1.08421,1.09278,1.11171,1.13143,1.15647,1.20437,1.24757,1.29368,1.34005,1.39469,1.44512,1.49399,1.54857,1.59772,1.64389,1.68952,1.73447,1.77818,1.82243,1.86082,1.89166,1.92320,1.94884,1.95852,1.95793,1.95341,1.95007,1.94557,1.91767,1.87779,1.84405,1.78793,1.71946,1.64422,1.55499,1.45686,1.35636,1.19036,1.05481,0.85353,0.69107,0.51264,0.37476,0.28256,0.21736,0.15062,0.13976,0.09293,0.07600,0.04031
2,0.07296,0.59224,0.95641,0.78087,0.83432,1.01139,1.03371,1.05568,1.18528,1.29650,1.39685,1.44821,1.49780,1.58427,1.68478,1.77048,1.83294,1.88834,1.90095,1.90263,1.89438,1.87124,1.84006,1.80747,1.76942,1.73319,1.69959,1.64641,1.58790,1.53143,1.46271,1.40486,1.35269,1.30042,1.26450,1.22050,1.18255,1.14216,1.11682,1.08918,1.07497,1.06800,1.05401,1.04048,1.02399,1.02047,1.01892,1.01070,1.00679,1.02253,1.04574,1.05474,1.08835,1.11522,1.15268,1.19067,1.23282,1.27675,1.33077,1.38102,1.43540,1.48836,1.53979,1.59441,1.64720,1.69701,1.74217,1.78601,1.83131,1.86560,1.89769,1.93054,1.95597,1.97118,1.97204,1.97624,1.97699,1.96918,1.96447,1.94603,1.91446,1.87347,1.82156,1.76894,1.70412,1.61979,1.52464,1.35484,1.26233,1.09977,0.91082,0.74095,0.57277,0.39492,0.30417,0.23098,0.16654,0.12682,0.09294,0.06121,0.03775
2,0.15262,1.12901,0.89607,0.89348,1.08242,1.14976,1.12535,1.25053,1.40741,1.49221,1.51111,1.54146,1.62953,1.72405,1.79678,1.87165,1.91786,1.94353,1.94185,1.94047,1.92819,1.90317,1.87376,1.84729,1.82551,1.78845,1.74130,1.69366,1.63325,1.57216,1.51543,1.45976,1.41045,1.35600,1.31887,1.27987,1.24056,1.20043,1.16829,1.14190,1.12455,1.10778,1.08827,1.05947,1.05391,1.04582,1.03973,1.03657,1.02199,1.03018,1.03022,1.03711,1.04719,1.07664,1.11149,1.14876,1.18908,1.23503,1.28300,1.33422,1.39474,1.45463,1.50893,1.56401,1.61802,1.65704,1.70032,1.74815,1.79598,1.83976,1.87350,1.90911,1.94513,1.96404,1.97178,1.97726,1.97602,1.97315,1.96219,1.93553,1.90243,1.85353,1.79736,1.74550,1.66806,1.56747,1.46427,1.36225,1.18475,1.05950,0.88303,0.71319,0.54066,0.38165,0.24966,0.21585,0.15185,0.13110,0.09661,0.08671,0.04668
2,0.06424,0.57865,1.01219,0.81706,0.88757,1.06962,1.06139,1.04238,1.16022,1.28109,1.37698,1.42782,1.48691,1.58145,1.68861,1.78343,1.85391,1.89125,1.90974,1.91875,1.91059,1.88320,1.85496,1.82151,1.79570,1.76288,1.71301,1.65985,1.59762,1.53100,1.46656,1.41073,1.35526,1.29926,1.24642,1.19753,1.15125,1.10159,1.07286,1.04316,1.00920,1.00060,0.97657,0.97547,0.96840,0.96530,0.95191,0.94659,0.97198,0.98506,1.01372,1.03737,1.06819,1.10286,1.15443,1.19338,1.25367,1.29636,1.34227,1.40142,1.45680,1.51454,1.57105,1.62476,1.67683,1.72119,1.77290,1.80725,1.84565,1.88299,1.90913,1.93747,1.95930,1.97229,1.98138,1.98515,1.98141,1.96859,1.94516,1.91149,1.87501,1.83074,1.77456,1.71593,1.63019,1.54168,1.47841,1.30093,1.19594,1.03772,0.83115,0.69162,0.53231,0.36445,0.27976,0.21984,0.16016,0.13175,0.09033,0.05951,0.03821
3,0.04705,0.49602,1.24241,0.96715,1.07039,1.43261,1.64036,1.70933,1.80818,1.80249,1.66460,1.60400,1.63029,1.73087,1.86796,1.99583,2.09860,2.18733,2.24157,2.26100,2.25883,2.23705,2.19848,2.14994,2.10154,2.04899,1.97750,1.89438,1.81226,1.73056,1.64668,1.56282,1.48588,1.41178,1.33893,1.25950,1.19027,1.12761,1.05475,0.99634,0.95481,0.91874,0.88215,0.86127,0.83958,0.81797,0.80567,0.79382,0.79894,0.79221,0.80740,0.81693,0.82969,0.85380,0.89538,0.93743,0.98399,1.03263,1.07669,1.13666,1.18303,1.24577,1.30819,1.37073,1.43327,1.49536,1.54824,1.61288,1.67280,1.72004,1.76831,1.82074,1.87041,1.90821,1.93191,1.94720,1.96560,1.98243,1.97450,1.94755,1.92237,1.89102,1.84823,1.79555,1.72343,1.63970,1.54937,1.42288,1.25339,1.20114,0.93793,0.81732,0.63351,0.50532,0.37483,0.31312,0.23873,0.16384,0.13530,0.09380,0.05275
1,0.07352,0.42313,0.59517,0.50796,0.63971,0.69217,0.70331,0.69925,0.74327,0.80332,0.84587,0.89132,0.95868,1.04388,1.13605,1.22092,1.29776,1.36412,1.42283,1.48435,1.52288,1.54433,1.57052,1.59671,1.60259,1.59768,1.59746,1.59215,1.57792,1.56997,1.57441,1.57611,1.57060,1.56396,1.56139,1.54658,1.51949,1.48953,1.46823,1.44676,1.41290,1.37579,1.36101,1.35965,1.33723,1.33687,1.34106,1.33863,1.34409,1.35845,1.32451,1.35658,1.37406,1.37472,1.40360,1.40964,1.42641,1.43034,1.45485,1.46689,1.48889,1.50808,1.52637,1.54766,1.57332,1.59658,1.62321,1.66172,1.69066,1.72683,1.75225,1.77252,1.79827,1.82099,1.83775,1.84211,1.84480,1.85106,1.84669,1.82948,1.80434,1.77559,1.72908,1.67063,1.62261,1.55154,1.45725,1.34524,1.23309,1.08671,0.95263,0.79567,0.61536,0.44990,0.30236,0.19319,0.12928,0.09530,0.07846,0.05537,0.03529
3,0.10425,1.07041,1.30964,1.05864,1.17383,1.42188,1.40286,1.40216,1.58450,1.65695,1.62467,1.62424,1.67678,1.78693,1.88935,1.98951,2.06707,2.13301,2.16627,2.15795,2.14593,2.12498,2.08741,2.04226,2.00458,1.95803,1.89629,1.83108,1.75585,1.67164,1.59477,1.52916,1.45076,1.37946,1.31550,1.23979,1.17925,1.12043,1.05995,1.00655,0.95642,0.91184,0.87373,0.85215,0.83253,0.82056,0.80918,0.79524,0.77985,0.78989,0.80969,0.81776,0.83618,0.87056,0.91857,0.96694,1.00212,1.05152,1.10738,1.15445,1.22145,1.28427,1.35126,1.40839,1.47300,1.53491,1.59955,1.66213,1.70801,1.75549,1.79710,1.83280,1.87097,1.90679,1.92140,1.93137,1.94338,1.94343,1.93415,1.91549,1.88731,1.84866,1.80381,1.74646,1.67727,1.58376,1.48981,1.36903,1.19264,1.10018,0.89875,0.71062,0.58673,0.38165,0.33470,0.25970,0.17568,0.14314,0.10358,0.11191,0.02807
3,0.08574,1.22290,1.41417,1.19584,1.34948,1.52372,1.43973,1.39552,1.53649,1.62188,1.67564,1.72008,1.80681,1.94320,2.05653,2.15432,2.22298,2.26448,2.27281,2.25732,2.22030,2.17905,2.12899,2.06695,1.99503,1.91309,1.83177,1.75429,1.66574,1.56700,1.47605,1.38780,1.30062,1.22530,1.15579,1.08172,1.02317,0.96206,0.90238,0.85985,0.82180,0.78854,0.75053,0.73891,0.73206,0.71453,0.72604,0.74502,0.73333,0.77780,0.80125,0.84032,0.88378,0.94597,1.00304,1.07120,1.13260,1.19427,1.26569,1.31809,1.39180,1.46520,1.52923,1.59812,1.66191,1.72074,1.77622,1.82540,1.88026,1.93695,1.98045,2.01670,2.05306,2.07847,2.08648,2.08820,2.08554,2.07904,2.06213,2.02509,1.98257,1.93609,1.87673,1.80435,1.71711,1.61872,1.52398,1.39291,1.20883,1.13550,0.89201,0.72299,0.57600,0.38064,0.33091,0.24058,0.17194,0.12431,0.08396,0.08439,0.01825
2,0.07028,0.60874,0.95643,0.81197,0.94570,1.09327,1.09398,1.15169,1.25548,1.35383,1.40758,1.42716,1.48491,1.57120,1.66698,1.74918,1.81764,1.86720,1.88367,1.89908,1.89447,1.87657,1.85253,1.83464,1.82234,1.79473,1.75504,1.71079,1.65844,1.60750,1.56917,1.52291,1.46698,1.42801,1.38474,1.33997,1.31457,1.29066,1.25917,1.23585,1.21459,1.18869,1.16610,1.14833,1.13272,1.11784,1.10989,1.07546,1.08852,1.08197,1.08840,1.09585,1.12279,1.14150,1.17620,1.22157,1.27247,1.31966,1.35241,1.39370,1.44681,1.49089,1.53903,1.58870,1.63560,1.67641,1.72360,1.76363,1.80260,1.84405,1.87847,1.91166,1.93656,1.94594,1.94873,1.95321,1.95066,1.93910,1.92506,1.90123,1.86429,1.82132,1.77255,1.70519,1.61351,1.51692,1.45282,1.33019,1.17010,1.02517,0.85799,0.67675,0.48983,0.36076,0.22561,0.17291,0.13951,0.10752,0.09026,0.07587,0.05898
2,0.10425,0.71506,0.89506,0.76818,0.88137,0.99126,0.98802,1.06738,1.21398,1.34041,1.38820,1.40109,1.43896,1.50531,1.58745,1.66728,1.73600,1.78677,1.81266,1.83797,1.85641,1.84744,1.82413,1.80222,1.78823,1.76916,1.73865,1.69931,1.65258,1.60381,1.55168,1.50543,1.46829,1.43108,1.38942,1.35477,1.31490,1.28283,1.25620,1.22540,1.19579,1.17088,1.15148,1.13176,1.10490,1.08856,1.07733,1.07829,1.06568,1.06972,1.08569,1.10086,1.12292,1.16337,1.20314,1.23388,1.26911,1.31994,1.37827,1.41530,1.46257,1.50111,1.54440,1.58671,1.62741,1.66291,1.70655,1.74934,1.78742,1.82441,1.85281,1.87827,1.88954,1.90270,1.91768,1.92229,1.91645,1.90064,1.88438,1.86030,1.82472,1.78477,1.73327,1.65612,1.57692,1.53049,1.40274,1.27857,1.16007,1.00883,0.84098,0.66399,0.50198,0.36456,0.22283,0.16793,0.13228,0.10226,0.08559,0.07158,0.05070
1,0.06693,0.33393,0.53813,0.47059,0.55345,0.59190,0.61280,0.66443,0.74696,0.81701,0.84462,0.87760,0.92276,0.97923,1.02177,1.06386,1.11871,1.17728,1.23977,1.30616,1.37422,1.43208,1.47429,1.50932,1.53334,1.55171,1.56226,1.56776,1.58010,1.59742,1.61946,1.63004,1.62886,1.62104,1.60668,1.59605,1.56929,1.54408,1.51213,1.47831,1.46002,1.43982,1.42031,1.39697,1.38646,1.39046,1.39824,1.40969,1.40816,1.42755,1.42728,1.43465,1.44815,1.45745,1.44771,1.45242,1.47225,1.48897,1.49968,1.51786,1.53230,1.54451,1.55425,1.57144,1.59943,1.61388,1.64641,1.66995,1.68986,1.71978,1.73068,1.74414,1.76572,1.78312,1.79354,1.79653,1.79263,1.78559,1.77703,1.76180,1.73606,1.70728,1.67133,1.61868,1.57230,1.47974,1.38316,1.26204,1.16305,1.03241,0.89101,0.72929,0.55546,0.39687,0.26428,0.15998,0.12317,0.09055,0.07436,0.05256,0.01926
2,0.04731,0.52270,1.04077,0.85332,0.99639,1.12498,1.12087,1.15805,1.28758,1.42960,1.51236,1.54346,1.60810,1.70018,1.77819,1.85676,1.93002,1.96971,1.98251,1.97932,1.96904,1.94697,1.90973,1.86385,1.82770,1.78936,1.74036,1.68506,1.62399,1.56839,1.51292,1.45934,1.41286,1.36929,1.33179,1.29477,1.25713,1.22911,1.19365,1.17659,1.14113,1.12810,1.11951,1.11317,1.08497,1.08960,1.06385,1.05942,1.06675,1.08135,1.08937,1.11230,1.15926,1.20212,1.23293,1.28100,1.33585,1.36923,1.41446,1.46908,1.51164,1.54843,1.59156,1.62989,1.67315,1.71893,1.76065,1.80472,1.83929,1.86845,1.89945,1.93011,1.94814,1.95874,1.96758,1.97118,1.96848,1.94928,1.91885,1.89374,1.85512,1.79689,1.74356,1.67447,1.58136,1.50542,1.41872,1.27246,1.14175,1.00915,0.83869,0.65346,0.48484,0.35003,0.22762,0.18898,0.13783,0.10524,0.08250,0.07275,0.05070
2,0.11992,0.89208,0.85596,0.77610,0.94195,1.03114,1.02259,1.12398,1.25171,1.36568,1.40411,1.43400,1.50003,1.60333,1.70871,1.79614,1.86311,1.90813,1.93221,1.94497,1.94488,1.92147,1.89082,1.85734,1.83482,1.80414,1.76725,1.72632,1.67128,1.61752,1.55164,1.49226,1.44202,1.38999,1.34417,1.30308,1.25614,1.21173,1.17906,1.14472,1.11326,1.09724,1.06394,1.05607,1.04129,1.03564,1.04262,1.03976,1.03339,1.04669,1.07994,1.10501,1.13426,1.17414,1.20342,1.24974,1.29137,1.35516,1.39850,1.44859,1.50725,1.55028,1.60696,1.64961,1.69721,1.74802,1.78804,1.83192,1.87411,1.90421,1.94172,1.98287,2.00985,2.02166,2.02389,2.02083,2.01832,2.01281,1.99855,1.97325,1.93646,1.89087,1.83411,1.77738,1.69466,1.58374,1.51648,1.38274,1.22270,1.09591,0.88279,0.70441,0.50801,0.37368,0.22329,0.18972,0.13776,0.10769,0.09259,0.07667,0.05874
2,0.08194,0.88840,1.06977,0.87997,1.01026,1.16705,1.14336,1.17951,1.33126,1.45106,1.49701,1.50643,1.56386,1.64797,1.72693,1.80154,1.86920,1.91230,1.94847,1.96963,1.96696,1.94753,1.91720,1.88744,1.85619,1.81044,1.75636,1.69653,1.63042,1.56610,1.50051,1.43738,1.38041,1.32087,1.26439,1.21904,1.17306,1.13264,1.09675,1.06657,1.03581,1.02050,0.99015,0.96339,0.97171,0.98310,0.97457,0.96803,0.98515,0.99889,0.99885,1.04421,1.07747,1.12991,1.18294,1.23990,1.29086,1.35954,1.40735,1.45435,1.51886,1.58024,1.63881,1.68723,1.73770,1.79061,1.83563,1.87587,1.91289,1.95164,1.98602,2.00573,2.01790,2.03218,2.03930,2.03412,2.02502,2.01430,1.99245,1.95294,1.90217,1.84691,1.78255,1.70557,1.62125,1.52573,1.42282,1.29233,1.17815,1.01413,0.86318,0.68115,0.51928,0.36715,0.25324,0.19161,0.14891,0.11081,0.08829,0.06173,0.03943
1,0.06845,0.32845,0.53659,0.50025,0.62083,0.67835,0.72700,0.79646,0.86321,0.90584,0.89123,0.89638,0.93422,0.97313,1.02140,1.08608,1.15027,1.20524,1.26382,1.32741,1.38182,1.43535,1.48779,1.52004,1.54100,1.55498,1.56500,1.57852,1.59232,1.61122,1.62880,1.63761,1.64186,1.63634,1.62390,1.61119,1.58409,1.55275,1.51334,1.46876,1.45022,1.42270,1.39753,1.38254,1.36180,1.33912,1.34061,1.35604,1.34264,1.36808,1.36553,1.39229,1.40679,1.41458,1.41877,1.43569,1.44565,1.47528,1.48351,1.50168,1.50188,1.53359,1.54737,1.56553,1.58883,1.61868,1.64111,1.66262,1.69088,1.71895,1.73895,1.75075,1.75921,1.77485,1.78824,1.79667,1.80071,1.80510,1.81007,1.79769,1.77177,1.74127,1.69666,1.62916,1.56624,1.50827,1.43229,1.31082,1.19350,1.05620,0.91134,0.75954,0.60125,0.43940,0.30583,0.18728,0.13898,0.10496,0.08361,0.06472,0.04302
2,0.04350,0.42629,0.99918,0.78244,0.91272,1.11653,1.12238,1.20095,1.32766,1.39039,1.40392,1.41071,1.46465,1.56003,1.66317,1.77952,1.86607,1.90586,1.94714,1.96557,1.96180,1.94277,1.90939,1.87824,1.85126,1.81753,1.76916,1.71365,1.66401,1.61239,1.55401,1.50298,1.45737,1.40895,1.36602,1.33123,1.30119,1.25692,1.23382,1.20773,1.18774,1.16007,1.14513,1.11872,1.12025,1.10021,1.09203,1.08311,1.07578,1.08089,1.06590,1.09091,1.10923,1.14627,1.18462,1.23132,1.26699,1.30986,1.35804,1.39595,1.43531,1.49182,1.54491,1.58783,1.62849,1.67563,1.71103,1.75969,1.79843,1.83380,1.86884,1.89640,1.91979,1.94206,1.95802,1.96679,1.96536,1.95278,1.93791,1.91384,1.87954,1.84025,1.78473,1.70192,1.61492,1.57231,1.42701,1.27970,1.18500,1.00819,0.83938,0.64354,0.48175,0.31912,0.21865,0.16678,0.11547,0.09223,0.07905,0.05132,0.04179
2,0.04563,0.34159,0.81791,0.68310,0.74786,0.95713,1.00741,1.08794,1.19578,1.25339,1.25560,1.25363,1.27728,1.36326,1.46287,1.57292,1.67448,1.74279,1.78585,1.81714,1.83914,1.84429,1.82713,1.81247,1.79983,1.77172,1.74173,1.70743,1.65967,1.61101,1.56481,1.51726,1.47118,1.43654,1.39593,1.34805,1.31235,1.27424,1.24388,1.20270,1.17126,1.15124,1.13620,1.11706,1.10719,1.08724,1.07322,1.07239,1.06668,1.05355,1.06197,1.07051,1.09426,1.12522,1.15902,1.18352,1.23779,1.27873,1.30345,1.33995,1.40429,1.44740,1.50163,1.55117,1.59506,1.63428,1.68450,1.72533,1.76845,1.80497,1.83368,1.86143,1.89248,1.91706,1.92941,1.93850,1.93788,1.92983,1.92431,1.90725,1.87079,1.82421,1.77482,1.72075,1.63565,1.52790,1.47450,1.33205,1.17009,1.04309,0.86237,0.69218,0.51318,0.37594,0.26482,0.20735,0.15010,0.11667,0.09580,0.06177,0.00778
1,0.08032,0.40835,0.58837,0.51756,0.63500,0.68041,0.70810,0.76817,0.85661,0.92790,0.95582,0.99573,1.03501,1.09060,1.14449,1.19872,1.25647,1.31991,1.37174,1.41241,1.44862,1.48744,1.52411,1.54447,1.55110,1.54456,1.52570,1.51995,1.52774,1.53304,1.54165,1.54201,1.54133,1.55478,1.55269,1.53243,1.50412,1.48446,1.46967,1.45050,1.42255,1.40349,1.39819,1.39610,1.38685,1.39472,1.38275,1.37677,1.38607,1.39245,1.42225,1.41226,1.42872,1.42796,1.43126,1.44973,1.45819,1.46137,1.47669,1.47529,1.49224,1.51990,1.52933,1.52987,1.54101,1.56385,1.58957,1.60793,1.62961,1.65134,1.67154,1.70556,1.72568,1.73622,1.75483,1.77011,1.77445,1.77230,1.76902,1.76677,1.75593,1.72936,1.69211,1.64321,1.60310,1.53162,1.43754,1.32700,1.22247,1.09543,0.96246,0.80415,0.63669,0.46819,0.32581,0.21078,0.14177,0.10398,0.07655,0.06322,0.03846
3,0.07748,0.86049,1.32972,1.02381,1.21589,1.47507,1.47992,1.51382,1.76310,1.81015,1.72245,1.68323,1.70657,1.78562,1.87484,1.96949,2.04828,2.08241,2.10210,2.11233,2.09392,2.06241,2.01490,1.97410,1.93603,1.87823,1.82007,1.75424,1.67497,1.59896,1.52231,1.44933,1.38116,1.32287,1.26526,1.19919,1.14867,1.10449,1.05471,1.01394,0.98865,0.97045,0.94291,0.91681,0.90788,0.90009,0.89715,0.89736,0.90540,0.90656,0.92509,0.93353,0.96124,0.99168,1.03202,1.07830,1.12254,1.18943,1.24803,1.32124,1.36870,1.42314,1.48320,1.53435,1.58769,1.64002,1.69384,1.74579,1.80359,1.85762,1.89934,1.93389,1.95843,1.97560,2.00167,2.01463,2.00967,2.00024,1.98846,1.97162,1.93779,1.89778,1.84693,1.78617,1.70925,1.61969,1.51725,1.40881,1.25694,1.08441,0.95927,0.69279,0.57870,0.37269,0.31413,0.25628,0.17063,0.14138,0.11334,0.07380,0.04823
3,0.05527,0.77136,1.53592,1.15262,1.26283,1.56500,1.52179,1.46053,1.58669,1.71390,1.73514,1.73471,1.78756,1.90190,2.00199,2.09308,2.16140,2.20712,2.21022,2.19058,2.17218,2.14198,2.09544,2.03767,1.97045,1.89581,1.82558,1.75845,1.68087,1.60000,1.52136,1.44178,1.36206,1.28833,1.22913,1.16735,1.10782,1.04296,0.98811,0.93559,0.89289,0.85941,0.82399,0.79390,0.77121,0.77131,0.75756,0.77068,0.77545,0.78806,0.80200,0.83121,0.84229,0.88128,0.93893,0.98798,1.04562,1.10248,1.16353,1.23442,1.30686,1.37003,1.43668,1.50259,1.57377,1.64499,1.70833,1.77158,1.82240,1.86524,1.92072,1.97454,2.01318,2.03456,2.04891,2.05976,2.06099,2.05463,2.03078,1.99795,1.96391,1.91763,1.87033,1.79999,1.71992,1.63430,1.51465,1.36484,1.27542,1.09521,0.90562,0.76718,0.52766,0.42813,0.31415,0.23460,0.18954,0.13028,0.12014,0.07157,0.05644
1,0.07109,0.39853,0.58619,0.52395,0.63755,0.66092,0.67399,0.72827,0.83961,0.93085,0.97298,1.01267,1.07863,1.14577,1.21142,1.27944,1.35607,1.42229,1.48066,1.52654,1.57582,1.61301,1.63450,1.64483,1.64296,1.63869,1.62770,1.61019,1.60836,1.61558,1.61959,1.62488,1.61248,1.59175,1.57905,1.56701,1.53976,1.51434,1.48512,1.45738,1.43665,1.41669,1.39882,1.38323,1.36459,1.35923,1.34708,1.35431,1.34655,1.35483,1.34479,1.35278,1.35900,1.37146,1.38290,1.40366,1.44283,1.45596,1.48651,1.52067,1.53659,1.54709,1.56969,1.60294,1.62286,1.64529,1.68105,1.71282,1.73630,1.75515,1.77468,1.79049,1.80187,1.81218,1.82154,1.83326,1.83961,1.83184,1.81676,1.80211,1.78291,1.74452,1.70760,1.66533,1.56559,1.47454,1.37944,1.28745,1.17928,1.06152,0.92086,0.75638,0.59666,0.43699,0.29264,0.19657,0.13222,0.10439,0.08381,0.06810,0.04764
1,0.04878,0.35776,0.65910,0.55220,0.70082,0.75383,0.75498,0.82412,0.91863,0.99056,0.99391,1.01474,1.06864,1.12621,1.18221,1.23960,1.30394,1.36098,1.41495,1.45935,1.49859,1.53811,1.55750,1.56973,1.57618,1.57924,1.57784,1.56783,1.55803,1.55403,1.56085,1.56288,1.55630,1.54057,1.53142,1.52065,1.50094,1.47443,1.45755,1.44096,1.41839,1.40285,1.38000,1.38568,1.39586,1.37608,1.39076,1.38733,1.37827,1.38512,1.36717,1.40395,1.41580,1.42426,1.42998,1.44163,1.44410,1.46370,1.46258,1.48288,1.48805,1.50927,1.52770,1.53962,1.55780,1.57936,1.58920,1.60460,1.62250,1.63579,1.66294,1.67916,1.69076,1.71429,1.73652,1.74933,1.75969,1.76508,1.76382,1.76248,1.75099,1.73061,1.69631,1.65537,1.63125,1.55271,1.45521,1.34100,1.23737,1.10925,0.96790,0.81558,0.65329,0.48438,0.32751,0.21307,0.13566,0.10682,0.08131,0.06399,0.04300
2,0.06115,0.61800,0.85019,0.72601,0.89463,0.96629,0.95963,1.01416,1.10601,1.23312,1.31975,1.36505,1.42635,1.50353,1.59239,1.67292,1.74533,1.79940,1.83374,1.85945,1.86450,1.85482,1.84295,1.82608,1.81540,1.79592,1.75613,1.71392,1.67507,1.63453,1.58913,1.54765,1.51009,1.47160,1.43837,1.40924,1.36951,1.34809,1.32394,1.29469,1.27343,1.24252,1.21899,1.20966,1.18953,1.17848,1.16351,1.15311,1.15625,1.16658,1.17260,1.18619,1.22030,1.23566,1.26314,1.29176,1.33316,1.37265,1.40596,1.44749,1.48563,1.50982,1.54680,1.57318,1.60725,1.64561,1.67959,1.72546,1.77809,1.82075,1.84639,1.88035,1.91101,1.94142,1.96586,1.98346,1.99780,1.99737,1.98640,1.96902,1.94120,1.89841,1.84761,1.78888,1.70578,1.60908,1.55766,1.39816,1.22309,1.09126,0.92975,0.74270,0.53819,0.37083,0.23641,0.16127,0.12737,0.08935,0.07090,0.06661,0.04300
2,0.05005,0.36271,0.83005,0.70858,0.78192,0.96811,0.98319,1.00725,1.08867,1.17843,1.24677,1.28944,1.34268,1.43412,1.53682,1.64011,1.73086,1.80721,1.85817,1.88081,1.88547,1.88044,1.86007,1.83938,1.81249,1.77627,1.74222,1.69673,1.64572,1.60090,1.55410,1.50605,1.45536,1.41333,1.37248,1.32787,1.30279,1.26725,1.22012,1.19561,1.17122,1.14579,1.11248,1.09346,1.07602,1.06557,1.05238,1.05095,1.04504,1.05581,1.06713,1.10248,1.11752,1.15336,1.19632,1.21703,1.27300,1.32870,1.36516,1.41980,1.47083,1.51446,1.55205,1.60850,1.64107,1.67982,1.72924,1.76790,1.80302,1.83369,1.85831,1.88059,1.90589,1.92016,1.92168,1.91692,1.90351,1.89223,1.88324,1.85485,1.81450,1.77351,1.72008,1.66100,1.60727,1.53681,1.36290,1.29165,1.18603,0.97944,0.83625,0.66036,0.49357,0.34976,0.23416,0.17823,0.14095,0.10602,0.08281,0.06120,0.03890
1,0.09385,0.47988,0.56971,0.51116,0.63980,0.68734,0.70464,0.74998,0.80793,0.85706,0.87577,0.90164,0.96358,1.03680,1.11045,1.17760,1.26067,1.33974,1.41370,1.47750,1.52018,1.55382,1.58230,1.60071,1.61099,1.61211,1.60834,1.59474,1.57376,1.56506,1.56418,1.56386,1.56012,1.54910,1.53990,1.52502,1.49915,1.48246,1.46985,1.43207,1.41068,1.39569,1.35763,1.34320,1.33541,1.33210,1.32679,1.32751,1.33353,1.33559,1.35063,1.36053,1.36566,1.38667,1.39759,1.41678,1.43512,1.45758,1.48200,1.49427,1.52044,1.54322,1.56174,1.58630,1.61639,1.65236,1.67687,1.70875,1.73222,1.76088,1.77955,1.80409,1.81597,1.82237,1.83607,1.83983,1.84141,1.83371,1.81231,1.78942,1.76170,1.72408,1.66150,1.60451,1.55216,1.44529,1.34013,1.21861,1.10337,0.95864,0.81408,0.66016,0.49184,0.36373,0.23716,0.16839,0.13054,0.09349,0.06967,0.04167,0.02229
1,0.15252,0.75777,0.54744,0.56671,0.67662,0.68834,0.72674,0.81418,0.91320,0.97151,0.99351,1.05871,1.12717,1.19073,1.25459,1.32648,1.39288,1.44559,1.49156,1.53913,1.57693,1.59830,1.60925,1.62251,1.62432,1.61556,1.60553,1.59470,1.58949,1.58644,1.58402,1.58200,1.58170,1.57123,1.54748,1.53302,1.50788,1.48089,1.46037,1.43149,1.40227,1.38456,1.37622,1.35830,1.35730,1.35280,1.35061,1.35174,1.36952,1.38621,1.41153,1.41134,1.42510,1.42969,1.43336,1.44681,1.46086,1.47345,1.49812,1.51911,1.52124,1.53865,1.56673,1.58576,1.60533,1.64066,1.66133,1.67270,1.70499,1.73507,1.75465,1.77393,1.79225,1.81185,1.82412,1.82558,1.82542,1.81810,1.79865,1.77422,1.74790,1.71501,1.67492,1.61375,1.51753,1.44298,1.36376,1.26569,1.14583,1.01142,0.87460,0.71222,0.55118,0.40784,0.27881,0.18411,0.14660,0.10572,0.08746,0.06014,0.04005
3,0.04964,0.54424,1.34904,0.92940,0.97074,1.22865,1.25207,1.23547,1.42636,1.57018,1.60967,1.59580,1.61987,1.70912,1.79897,1.89030,1.97141,2.02400,2.04556,2.04913,2.04742,2.03222,1.99635,1.95999,1.92753,1.88040,1.82073,1.75665,1.68442,1.61109,1.54429,1.47591,1.41300,1.36253,1.30265,1.24675,1.19495,1.13620,1.08488,1.04354,1.00329,0.96258,0.93241,0.92351,0.89628,0.88857,0.88103,0.88715,0.87369,0.90465,0.90896,0.93166,0.94474,0.99142,1.02273,1.05963,1.10665,1.15739,1.20825,1.26801,1.33715,1.40051,1.46522,1.52650,1.59353,1.65599,1.70317,1.75721,1.80678,1.85342,1.89194,1.92621,1.95508,1.97490,1.99279,2.00081,1.99955,1.99130,1.96631,1.93608,1.90630,1.86310,1.80445,1.73797,1.66257,1.57000,1.47498,1.34457,1.17786,1.08723,0.88660,0.66768,0.56972,0.36351,0.30133,0.23266,0.15658,0.12989,0.09464,0.07810,0.03045
2,0.04543,0.34802,0.87483,0.75586,0.88253,1.08686,1.13014,1.19420,1.29865,1.38230,1.41349,1.41249,1.47152,1.57680,1.69952,1.80892,1.89338,1.95046,1.98364,1.99732,1.98881,1.95741,1.92131,1.89390,1.86528,1.82647,1.77903,1.72525,1.66819,1.61334,1.56330,1.51011,1.45492,1.41282,1.36968,1.31650,1.27415,1.23996,1.20818,1.16812,1.13106,1.11177,1.08794,1.07740,1.06098,1.04573,1.03654,1.04500,1.04930,1.04994,1.06125,1.08768,1.10926,1.14829,1.18218,1.21863,1.26324,1.29400,1.34709,1.39681,1.44591,1.49271,1.54351,1.58956,1.62426,1.67623,1.73074,1.77343,1.81522,1.85807,1.89351,1.91814,1.93386,1.95478,1.96546,1.95659,1.94496,1.93143,1.91259,1.88389,1.84093,1.79058,1.73304,1.66633,1.60027,1.50618,1.36018,1.28138,1.11580,0.92530,0.76316,0.58340,0.41716,0.29710,0.21577,0.16317,0.13971,0.10074,0.07883,0.06867,0.05070
1,0.10455,0.62797,0.54094,0.50597,0.60864,0.62193,0.66428,0.76139,0.85056,0.90924,0.93195,0.97395,1.02947,1.07462,1.12347,1.17433,1.21450,1.26234,1.31114,1.36258,1.41930,1.45638,1.48835,1.51658,1.52536,1.53012,1.53743,1.53749,1.54357,1.55892,1.57466,1.59188,1.59726,1.59708,1.58431,1.56772,1.55039,1.53419,1.52859,1.50585,1.49148,1.46681,1.45302,1.45261,1.43946,1.44894,1.44204,1.44626,1.44806,1.44389,1.45706,1.45452,1.45149,1.45411,1.45271,1.47175,1.47357,1.47312,1.47735,1.48256,1.49889,1.50633,1.51354,1.52982,1.53702,1.55725,1.57847,1.61119,1.63151,1.64820,1.67589,1.69719,1.72308,1.74230,1.75769,1.77409,1.77814,1.77806,1.77782,1.77289,1.75687,1.73081,1.69861,1.65459,1.60422,1.52566,1.45489,1.37312,1.26097,1.14682,1.00775,0.85170,0.69269,0.52555,0.37836,0.25101,0.16578,0.12968,0.09559,0.07455,0.04313
1,0.08726,0.44906,0.57752,0.54256,0.66912,0.70372,0.72001,0.75375,0.81632,0.87475,0.89321,0.91873,0.98448,1.06210,1.13655,1.20989,1.28172,1.35668,1.41996,1.46676,1.50768,1.54087,1.56568,1.58544,1.59656,1.59845,1.59924,1.59459,1.59232,1.59495,1.58868,1.59015,1.59159,1.58508,1.57610,1.55867,1.54402,1.51929,1.49724,1.47097,1.44717,1.42169,1.40010,1.38341,1.36957,1.35408,1.33967,1.34342,1.33527,1.33402,1.35960,1.34657,1.35980,1.36392,1.38228,1.37798,1.39796,1.40925,1.42264,1.44440,1.47731,1.50664,1.51434,1.55024,1.59067,1.60122,1.61677,1.64134,1.66459,1.68789,1.70465,1.73121,1.75525,1.77570,1.79016,1.79654,1.79878,1.79517,1.78229,1.76084,1.73687,1.69577,1.65871,1.62781,1.55092,1.46260,1.35702,1.25588,1.13845,1.01419,0.87217,0.71559,0.56008,0.39692,0.26247,0.16693,0.11917,0.10098,0.07810,0.05962,0.05347
3,0.10313,0.92862,1.24743,1.01157,1.09520,1.35824,1.35587,1.32022,1.45746,1.53614,1.55830,1.57163,1.61983,1.72572,1.84338,1.93549,2.01581,2.07534,2.11862,2.12370,2.09950,2.06959,2.01705,1.97031,1.93170,1.87183,1.80699,1.74265,1.67148,1.59425,1.52509,1.46371,1.38448,1.32008,1.25688,1.19570,1.14274,1.09325,1.03018,0.98698,0.95508,0.92307,0.90539,0.89303,0.88401,0.87248,0.86070,0.86564,0.86147,0.86410,0.88390,0.89531,0.91673,0.94338,0.99021,1.02483,1.07665,1.12053,1.16668,1.22142,1.28106,1.33412,1.39039,1.44848,1.50804,1.55831,1.61519,1.68085,1.72915,1.77065,1.82209,1.86523,1.89986,1.93575,1.96479,1.97969,1.98438,1.98204,1.97866,1.96017,1.92376,1.88937,1.84101,1.78478,1.70815,1.62491,1.53260,1.40332,1.26427,1.14462,0.91722,0.76294,0.62133,0.42600,0.34839,0.26967,0.18822,0.13873,0.09893,0.09175,0.03607
3,0.04046,0.62390,1.47320,1.05662,1.16209,1.47017,1.49086,1.45884,1.65768,1.77936,1.75120,1.72034,1.75118,1.85643,1.97406,2.07272,2.15499,2.20623,2.23666,2.23800,2.22872,2.20492,2.15952,2.11020,2.06660,2.01329,1.93881,1.86464,1.78942,1.70589,1.63245,1.55214,1.46171,1.38058,1.30769,1.23503,1.16692,1.09664,1.03642,0.97866,0.93106,0.89947,0.85480,0.83390,0.79549,0.78410,0.77062,0.76446,0.76705,0.77224,0.78515,0.80744,0.83574,0.86618,0.92854,0.98015,1.03283,1.09062,1.16037,1.20638,1.28360,1.35403,1.40726,1.46701,1.53839,1.60618,1.66607,1.72131,1.76821,1.81752,1.87399,1.91894,1.95562,1.98907,2.00813,2.01811,2.02169,2.01528,2.00509,1.98835,1.95306,1.90297,1.84728,1.77613,1.70209,1.61313,1.48273,1.36666,1.26021,1.03974,0.89600,0.72243,0.51380,0.39417,0.28430,0.21788,0.16724,0.12056,0.10205,0.06128,0.05839
3,0.14258,1.53688,1.53183,1.31836,1.56192,1.81289,1.72644,1.70159,1.85251,1.99407,2.00964,2.00150,2.05433,2.17236,2.28378,2.36546,2.41899,2.44684,2.42923,2.39714,2.36653,2.30672,2.24342,2.17403,2.09786,2.02442,1.94388,1.85148,1.75621,1.66500,1.56600,1.47452,1.39488,1.30711,1.22192,1.14843,1.07689,1.00851,0.94569,0.88161,0.82719,0.76837,0.74474,0.69733,0.67185,0.66483,0.65213,0.63304,0.64517,0.65428,0.68035,0.70198,0.73701,0.78437,0.83206,0.89414,0.95145,0.99962,1.06829,1.13206,1.20351,1.27055,1.33754,1.40482,1.47532,1.53705,1.60277,1.65725,1.71645,1.77904,1.83386,1.87372,1.91322,1.94928,1.97387,1.98409,1.99335,1.99616,1.98006,1.95706,1.93137,1.90448,1.85204,1.78068,1.70439,1.61169,1.51370,1.38287,1.21939,1.14921,0.86520,0.73098,0.53146,0.42118,0.30627,0.26507,0.20472,0.13877,0.12608,0.06817,0.04749
