A,B,S,_q0,_q1,_q2,_q3,_q4,_q5,_q6,_q7,_q8,_q9,_q10,_q11,_q12,_q13,_q14,_q15,_q16,_q17,_q18,_q19,_q20,_q21,_q22,_q23,_q24,_q25,_q26,_q27,_q28,_q29,_q30,_q31,_q32,_q33,_q34,_q35,_q36,_q37,_q38,_q39,_q40,_q41,_q42,_q43,_q44,_q45,_q46,_q47,_q48,_q49,_q50,_q51,_q52,_q53,_q54,_q55,_q56,_q57,_q58,_q59,_q60,_q61,_q62,_q63,_q64,_q65,_q66,_q67,_q68,_q69,_q70,_q71,_q72,_q73,_q74,_q75,_q76,_q77,_q78,_q79,_q80,_q81,_q82,_q83,_q84,_q85,_q86,_q87,_q88,_q89,_q90,_q91,_q92,_q93,_q94,_q95,_q96,_q97,_q98,_q99,_q100
0,0,0,1.28724,1.25067,1.20716,1.15633,1.09772,1.03135,0.95708,0.87497,0.78527,0.68819,0.58417,0.47413,0.35854,0.23869,0.11523,-0.01027,-0.13672,-0.26264,-0.38675,-0.50765,-0.62394,-0.73429,-0.83714,-0.93175,-1.01678,-1.09152,-1.15529,-1.20748,-1.24778,-1.27616,-1.29278,-1.29750,-1.29095,-1.27373,-1.24642,-1.21003,-1.16520,-1.11298,-1.05443,-0.99070,-0.92266,-0.85119,-0.77713,-0.70162,-0.62523,-0.54857,-0.47236,-0.39708,-0.32305,-0.25076,-0.18059,-0.11237,-0.04645,0.01706,0.07846,0.13752,0.19425,0.24885,0.30143,0.35199,0.40061,0.44750,0.49289,0.53680,0.57949,0.62083,0.66114,0.70044,0.73887,0.77641,0.81307,0.84891,0.88402,0.91863,0.95251,0.98552,1.01792,1.04944,1.08022,1.11005,1.13892,1.16655,1.19313,1.21853,1.24247,1.26524,1.28646,1.30619,1.32400,1.34009,1.35402,1.36573,1.37496,1.38126,1.38449,1.38433,1.38024,1.37202,1.35899,1.34092,1.31716
0,0,1,0.58293,0.59571,0.61410,0.63748,0.66524,0.69660,0.73082,0.76706,0.80439,0.84193,0.87894,0.91455,0.94829,0.97906,1.00645,1.02994,1.04927,1.06383,1.07363,1.07833,1.07797,1.07270,1.06259,1.04793,1.02896,1.00628,0.98034,0.95142,0.92044,0.88792,0.85440,0.82075,0.78758,0.75567,0.72592,0.69905,0.67560,0.65637,0.64219,0.63341,0.63078,0.63457,0.64520,0.66316,0.68836,0.72095,0.76066,0.80737,0.86080,0.92024,0.98514,1.05484,1.12851,1.20520,1.28397,1.36370,1.44313,1.52156,1.59764,1.67033,1.73878,1.80206,1.85934,1.91000,1.95340,1.98901,2.01646,2.03543,2.04571,2.04744,2.04078,2.02583,2.00273,1.97223,1.93446,1.89006,1.83943,1.78336,1.72246,1.65720,1.58867,1.51728,1.44397,1.36931,1.29428,1.21944,1.14559,1.07371,1.00437,0.93826,0.87609,0.81868,0.76634,0.71940,0.67869,0.64440,0.61700,0.59630,0.58279,0.57612,0.57622
0,0,2,-0.64857,-0.56305,-0.46956,-0.36856,-0.26040,-0.14618,-0.02625,0.09832,0.22656,0.35757,0.49012,0.62306,0.75506,0.88519,1.01208,1.13447,1.25125,1.36132,1.46369,1.55724,1.64120,1.71479,1.77739,1.82867,1.86826,1.89590,1.91158,1.91556,1.90805,1.88942,1.86016,1.82101,1.77246,1.71564,1.65130,1.58018,1.50326,1.42150,1.33571,1.24689,1.15585,1.06320,0.96984,0.87662,0.78371,0.69186,0.60155,0.51293,0.42659,0.34260,0.26109,0.18227,0.10644,0.03359,-0.03640,-0.10332,-0.16722,-0.22798,-0.28558,-0.34021,-0.39175,-0.44026,-0.48582,-0.52851,-0.56832,-0.60546,-0.64008,-0.67222,-0.70219,-0.73026,-0.75633,-0.78082,-0.80397,-0.82580,-0.84680,-0.86713,-0.88686,-0.90603,-0.92507,-0.94374,-0.96199,-0.98005,-0.99715,-1.01362,-1.02907,-1.04304,-1.05512,-1.06488,-1.07194,-1.07532,-1.07494,-1.06981,-1.05939,-1.04318,-1.02036,-0.99077,-0.95378,-0.90916,-0.85632,-0.79531,-0.72610
0,0,3,0.51629,0.54294,0.57750,0.61930,0.66748,0.72141,0.77980,0.84168,0.90585,0.97142,1.03677,1.10071,1.16206,1.21945,1.27220,1.31903,1.35950,1.39215,1.41693,1.43345,1.44154,1.44098,1.43177,1.41457,1.38927,1.35692,1.31793,1.27318,1.22331,1.16960,1.11313,1.05462,0.99532,0.93617,0.87837,0.82271,0.77038,0.72188,0.67815,0.64001,0.60798,0.58261,0.56430,0.55324,0.54980,0.55397,0.56549,0.58426,0.61019,0.64282,0.68147,0.72609,0.77548,0.82938,0.88693,0.94736,1.00987,1.07362,1.13777,1.20139,1.26397,1.32439,1.38195,1.43605,1.48582,1.53074,1.57024,1.60365,1.63085,1.65124,1.66458,1.67060,1.66947,1.66096,1.64528,1.62234,1.59236,1.55612,1.51369,1.46551,1.41212,1.35420,1.29246,1.22785,1.16107,1.09265,1.02384,0.95558,0.88868,0.82407,0.76278,0.70563,0.65346,0.60742,0.56786,0.53545,0.51087,0.49474,0.48702,0.48811,0.49796
0,0,4,-0.14389,-0.12510,-0.10506,-0.08387,-0.06192,-0.03908,-0.01565,0.00834,0.03279,0.05759,0.08263,0.10786,0.13324,0.15868,0.18399,0.20891,0.23361,0.25770,0.28122,0.30395,0.32571,0.34627,0.36571,0.38363,0.39988,0.41464,0.42735,0.43815,0.44706,0.45385,0.45846,0.46100,0.46108,0.45904,0.45476,0.44835,0.43959,0.42902,0.41639,0.40181,0.38556,0.36732,0.34783,0.32685,0.30484,0.28175,0.25812,0.23424,0.21036,0.18676,0.16385,0.14193,0.12134,0.10241,0.08523,0.07005,0.05715,0.04671,0.03853,0.03270,0.02896,0.02742,0.02769,0.02969,0.03248,0.03600,0.03987,0.04355,0.04680,0.04887,0.04980,0.04886,0.04617,0.04130,0.03392,0.02444,0.01268,-0.00128,-0.01729,-0.03471,-0.05341,-0.07299,-0.09270,-0.11265,-0.13225,-0.15074,-0.16804,-0.18357,-0.19718,-0.20861,-0.21754,-0.22368,-0.22693,-0.22757,-0.22528,-0.22050,-0.21304,-0.20300,-0.19103,-0.17700,-0.16123
0,0,5,-0.78890,-0.74466,-0.69580,-0.64211,-0.58369,-0.52046,-0.45226,-0.37937,-0.30209,-0.22055,-0.13500,-0.04593,0.04641,0.14161,0.23924,0.33904,0.44038,0.54286,0.64576,0.74865,0.85089,0.95166,1.05026,1.14589,1.23818,1.32587,1.40843,1.48474,1.55397,1.61563,1.66872,1.71246,1.74600,1.76919,1.78117,1.78185,1.77072,1.74737,1.71210,1.66491,1.60596,1.53559,1.45425,1.36249,1.26139,1.15150,1.03371,0.90886,0.77827,0.64277,0.50378,0.36250,0.21964,0.07667,-0.06540,-0.20517,-0.34194,-0.47448,-0.60183,-0.72343,-0.83786,-0.94464,-1.04312,-1.13306,-1.21370,-1.28481,-1.34629,-1.39778,-1.43955,-1.47184,-1.49494,-1.50923,-1.51537,-1.51397,-1.50579,-1.49146,-1.47208,-1.44840,-1.42122,-1.39140,-1.35996,-1.32766,-1.29519,-1.26333,-1.23247,-1.20285,-1.17488,-1.14859,-1.12405,-1.10104,-1.07922,-1.05842,-1.03805,-1.01775,-0.99690,-0.97502,-0.95140,-0.92550,-0.89673,-0.86466,-0.82881
0,0,6,1.20198,1.15317,1.10390,1.05507,1.00718,0.96062,0.91623,0.87416,0.83503,0.79916,0.76655,0.73735,0.71165,0.68963,0.67117,0.65596,0.64384,0.63459,0.62824,0.62443,0.62318,0.62394,0.62667,0.63141,0.63793,0.64604,0.65581,0.66734,0.68030,0.69514,0.71175,0.73027,0.75069,0.77331,0.79771,0.82422,0.85282,0.88319,0.91541,0.94919,0.98435,1.02063,1.05771,1.09499,1.13209,1.16858,1.20357,1.23683,1.26814,1.29641,1.32158,1.34311,1.36072,1.37433,1.38389,1.38915,1.38979,1.38668,1.37993,1.36982,1.35699,1.34191,1.32530,1.30783,1.29021,1.27326,1.25756,1.24397,1.23289,1.22480,1.22031,1.21962,1.22297,1.23014,1.24135,1.25610,1.27440,1.29586,1.31960,1.34519,1.37194,1.39895,1.42579,1.45128,1.47465,1.49529,1.51266,1.52615,1.53503,1.53916,1.53760,1.53094,1.51884,1.50107,1.47795,1.44985,1.41709,1.38008,1.33961,1.29591,1.24977
0,1,0,-0.63460,-0.59930,-0.56218,-0.52378,-0.48435,-0.44465,-0.40489,-0.36588,-0.32792,-0.29133,-0.25665,-0.22385,-0.19348,-0.16541,-0.13992,-0.11692,-0.09601,-0.07745,-0.06065,-0.04587,-0.03241,-0.02025,-0.00895,0.00195,0.01230,0.02284,0.03323,0.04407,0.05521,0.06682,0.07861,0.09058,0.10263,0.11420,0.12533,0.13566,0.14470,0.15199,0.15740,0.16063,0.16093,0.15854,0.15310,0.14433,0.13219,0.11687,0.09835,0.07666,0.05239,0.02553,-0.00339,-0.03414,-0.06606,-0.09895,-0.13226,-0.16560,-0.19836,-0.23045,-0.26151,-0.29110,-0.31931,-0.34572,-0.37051,-0.39355,-0.41485,-0.43456,-0.45293,-0.47007,-0.48605,-0.50130,-0.51603,-0.53037,-0.54479,-0.55923,-0.57390,-0.58914,-0.60507,-0.62161,-0.63854,-0.65604,-0.67385,-0.69182,-0.70974,-0.72735,-0.74401,-0.75978,-0.77425,-0.78705,-0.79761,-0.80559,-0.81075,-0.81273,-0.81152,-0.80652,-0.79785,-0.78521,-0.76877,-0.74869,-0.72494,-0.69780,-0.66751
0,1,1,1.03560,0.99695,0.96339,0.93527,0.91270,0.89560,0.88386,0.87707,0.87459,0.87606,0.88064,0.88703,0.89434,0.90173,0.90736,0.91040,0.90954,0.90338,0.89081,0.87084,0.84248,0.80457,0.75732,0.69984,0.63233,0.55482,0.46742,0.37135,0.26719,0.15613,0.03954,-0.08129,-0.20452,-0.32846,-0.45107,-0.57099,-0.68586,-0.79401,-0.89403,-0.98398,-1.06264,-1.12860,-1.18077,-1.21843,-1.24092,-1.24789,-1.23895,-1.21422,-1.17415,-1.11909,-1.04975,-0.96686,-0.87163,-0.76523,-0.64885,-0.52380,-0.39144,-0.25337,-0.11079,0.03462,0.18151,0.32878,0.47458,0.61796,0.75762,0.89275,1.02198,1.14478,1.26045,1.36819,1.46756,1.55794,1.63945,1.71143,1.77391,1.82703,1.87035,1.90425,1.92908,1.94507,1.95223,1.95101,1.94199,1.92537,1.90181,1.87182,1.83589,1.79442,1.74827,1.69816,1.64458,1.58818,1.52970,1.47000,1.40961,1.34956,1.29051,1.23320,1.17833,1.12673,1.07908
0,1,2,-0.17352,-0.22699,-0.27997,-0.33190,-0.38191,-0.42931,-0.47311,-0.51317,-0.54840,-0.57861,-0.60311,-0.62149,-0.63353,-0.63878,-0.63768,-0.62991,-0.61605,-0.59608,-0.57041,-0.54008,-0.50550,-0.46762,-0.42749,-0.38578,-0.34356,-0.30243,-0.26324,-0.22700,-0.19486,-0.16801,-0.14703,-0.13318,-0.12736,-0.12959,-0.14082,-0.16107,-0.19071,-0.22942,-0.27720,-0.33351,-0.39754,-0.46892,-0.54626,-0.62892,-0.71525,-0.80413,-0.89415,-0.98388,-1.07175,-1.15626,-1.23608,-1.30967,-1.37616,-1.43396,-1.48206,-1.51977,-1.54628,-1.56107,-1.56421,-1.55529,-1.53436,-1.50202,-1.45883,-1.40532,-1.34249,-1.27111,-1.19229,-1.10738,-1.01749,-0.92393,-0.82775,-0.73034,-0.63300,-0.53696,-0.44289,-0.35222,-0.26572,-0.18411,-0.10814,-0.03839,0.02470,0.08079,0.12934,0.17075,0.20448,0.23055,0.24921,0.26050,0.26464,0.26163,0.25215,0.23618,0.21435,0.18683,0.15418,0.11675,0.07537,0.03057,-0.01755,-0.06814,-0.12033
0,1,3,0.84726,0.84310,0.83103,0.81102,0.78296,0.74722,0.70401,0.65340,0.59557,0.53133,0.46102,0.38528,0.30451,0.21925,0.13037,0.03826,-0.05628,-0.15288,-0.25094,-0.34989,-0.44892,-0.54778,-0.64609,-0.74299,-0.83811,-0.93098,-1.02087,-1.10715,-1.18961,-1.26764,-1.34064,-1.40795,-1.46917,-1.52388,-1.57146,-1.61157,-1.64349,-1.66695,-1.68166,-1.68747,-1.68411,-1.67134,-1.64951,-1.61859,-1.57851,-1.52995,-1.47302,-1.40861,-1.33717,-1.25913,-1.17574,-1.08797,-0.99665,-0.90268,-0.80731,-0.71136,-0.61606,-0.52262,-0.43185,-0.34461,-0.26201,-0.18462,-0.11317,-0.04848,0.00952,0.06053,0.10447,0.14145,0.17145,0.19504,0.21299,0.22592,0.23431,0.23913,0.24143,0.24213,0.24231,0.24278,0.24445,0.24818,0.25467,0.26466,0.27831,0.29609,0.31822,0.34456,0.37478,0.40884,0.44599,0.48563,0.52736,0.56986,0.61245,0.65413,0.69386,0.73093,0.76430,0.79306,0.81642,0.83357,0.84387
0,1,4,-0.51159,-0.53057,-0.54716,-0.56147,-0.57375,-0.58413,-0.59290,-0.60024,-0.60636,-0.61129,-0.61513,-0.61774,-0.61945,-0.62038,-0.62028,-0.61919,-0.61726,-0.61441,-0.61084,-0.60651,-0.60127,-0.59530,-0.58881,-0.58185,-0.57456,-0.56721,-0.55946,-0.55210,-0.54493,-0.53793,-0.53130,-0.52521,-0.51941,-0.51395,-0.50900,-0.50398,-0.49879,-0.49334,-0.48710,-0.47980,-0.47117,-0.46037,-0.44743,-0.43159,-0.41277,-0.39026,-0.36397,-0.33339,-0.29850,-0.25915,-0.21509,-0.16666,-0.11370,-0.05679,0.00381,0.06743,0.13358,0.20137,0.27023,0.33928,0.40745,0.47385,0.53784,0.59828,0.65428,0.70497,0.74953,0.78743,0.81798,0.84071,0.85515,0.86116,0.85869,0.84818,0.82933,0.80267,0.76842,0.72758,0.68038,0.62786,0.57060,0.50917,0.44490,0.37854,0.31105,0.24282,0.17486,0.10784,0.04252,-0.02059,-0.08101,-0.13848,-0.19249,-0.24270,-0.28920,-0.33174,-0.37059,-0.40565,-0.43700,-0.46500,-0.48981
0,1,5,0.02093,0.00586,-0.00618,-0.01477,-0.01951,-0.01979,-0.01554,-0.00613,0.00839,0.02842,0.05436,0.08610,0.12384,0.16744,0.21696,0.27197,0.33207,0.39678,0.46560,0.53809,0.61312,0.68960,0.76694,0.84418,0.92027,0.99414,1.06453,1.13041,1.19106,1.24549,1.29283,1.33226,1.36341,1.38597,1.39961,1.40434,1.40007,1.38756,1.36673,1.33850,1.30336,1.26238,1.21640,1.16654,1.11378,1.05885,1.00318,0.94775,0.89361,0.84131,0.79181,0.74558,0.70350,0.66585,0.63288,0.60455,0.58095,0.56205,0.54777,0.53760,0.53099,0.52770,0.52735,0.52930,0.53302,0.53811,0.54373,0.54964,0.55548,0.56080,0.56495,0.56786,0.56917,0.56878,0.56667,0.56267,0.55661,0.54831,0.53806,0.52587,0.51174,0.49573,0.47796,0.45858,0.43776,0.41556,0.39230,0.36793,0.34269,0.31655,0.28988,0.26283,0.23554,0.20832,0.18130,0.15478,0.12906,0.10434,0.08080,0.05880,0.03861
0,1,6,-0.19673,-0.23162,-0.26387,-0.29317,-0.31956,-0.34282,-0.36312,-0.38034,-0.39475,-0.40640,-0.41519,-0.42140,-0.42502,-0.42625,-0.42502,-0.42184,-0.41661,-0.40928,-0.40006,-0.38932,-0.37695,-0.36305,-0.34791,-0.33150,-0.31399,-0.29545,-0.27604,-0.25577,-0.23492,-0.21377,-0.19197,-0.16969,-0.14731,-0.12487,-0.10238,-0.07973,-0.05710,-0.03443,-0.01193,0.01054,0.03292,0.05523,0.07732,0.09921,0.12101,0.14270,0.16420,0.18538,0.20652,0.22739,0.24800,0.26852,0.28861,0.30848,0.32802,0.34698,0.36578,0.38429,0.40254,0.42021,0.43773,0.45479,0.47173,0.48849,0.50478,0.52059,0.53605,0.55101,0.56527,0.57862,0.59089,0.60191,0.61152,0.61916,0.62482,0.62822,0.62899,0.62701,0.62172,0.61327,0.60115,0.58568,0.56640,0.54358,0.51706,0.48680,0.45355,0.41690,0.37752,0.33587,0.29218,0.24677,0.20024,0.15331,0.10581,0.05879,0.01238,-0.03313,-0.07704,-0.11925,-0.15919
0,2,0,0.79390,0.73354,0.66777,0.59812,0.52551,0.45138,0.37680,0.30324,0.23218,0.16466,0.10188,0.04487,-0.00522,-0.04774,-0.08172,-0.10698,-0.12301,-0.12979,-0.12696,-0.11475,-0.09376,-0.06456,-0.02793,0.01558,0.06482,0.11909,0.17673,0.23687,0.29824,0.35966,0.41994,0.47786,0.53230,0.58216,0.62664,0.66458,0.69553,0.71910,0.73458,0.74179,0.74063,0.73113,0.71373,0.68853,0.65611,0.61695,0.57186,0.52155,0.46718,0.40957,0.34970,0.28882,0.22769,0.16731,0.10871,0.05289,0.00041,-0.04774,-0.09125,-0.12930,-0.16147,-0.18762,-0.20735,-0.22073,-0.22739,-0.22776,-0.22169,-0.20923,-0.19056,-0.16613,-0.13589,-0.10049,-0.06029,-0.01532,0.03409,0.08711,0.14324,0.20264,0.26401,0.32755,0.39230,0.45745,0.52243,0.58654,0.64917,0.70913,0.76592,0.81824,0.86596,0.90785,0.94324,0.97155,0.99222,1.00456,1.00828,1.00349,0.98941,0.96672,0.93523,0.89551,0.84817
0,2,1,1.41489,1.43826,1.45989,1.48012,1.49899,1.51666,1.53360,1.54923,1.56418,1.57826,1.59145,1.60379,1.61551,1.62653,1.63692,1.64715,1.65697,1.66713,1.67757,1.68870,1.70074,1.71445,1.73045,1.74901,1.77087,1.79635,1.82608,1.86035,1.89958,1.94399,1.99334,2.04797,2.10748,2.17145,2.23966,2.31127,2.38529,2.46078,2.53652,2.61117,2.68345,2.75208,2.81525,2.87175,2.92016,2.95914,2.98748,3.00410,3.00801,2.99855,2.97541,2.93801,2.88665,2.82155,2.74327,2.65258,2.55038,2.43812,2.31701,2.18885,2.05517,1.91783,1.77873,1.63977,1.50309,1.36991,1.24226,1.12163,1.00949,0.90687,0.81508,0.73462,0.66587,0.60960,0.56579,0.53436,0.51463,0.50634,0.50869,0.52089,0.54202,0.57085,0.60641,0.64753,0.69320,0.74219,0.79351,0.84617,0.89909,0.95183,1.00336,1.05323,1.10116,1.14660,1.18925,1.22921,1.26654,1.30103,1.33305,1.36241,1.38963
0,2,2,0.50378,0.49889,0.48883,0.47338,0.45276,0.42706,0.39677,0.36183,0.32282,0.28016,0.23462,0.18695,0.13751,0.08722,0.03727,-0.01162,-0.05860,-0.10241,-0.14252,-0.17781,-0.20711,-0.22971,-0.24511,-0.25226,-0.25066,-0.23998,-0.21979,-0.18982,-0.15030,-0.10119,-0.04312,0.02387,0.09907,0.18163,0.27077,0.36533,0.46440,0.56673,0.67107,0.77581,0.87978,0.98163,1.07995,1.17344,1.26063,1.34057,1.41223,1.47458,1.52664,1.56801,1.59822,1.61657,1.62334,1.61827,1.60177,1.57406,1.53577,1.48741,1.43010,1.36472,1.29234,1.21415,1.13144,1.04545,0.95735,0.86854,0.77997,0.69333,0.60929,0.52909,0.45353,0.38354,0.32005,0.26337,0.21388,0.17183,0.13758,0.11089,0.09183,0.08007,0.07519,0.07684,0.08469,0.09788,0.11600,0.13838,0.16416,0.19280,0.22336,0.25515,0.28740,0.31962,0.35101,0.38086,0.40870,0.43378,0.45578,0.47423,0.48871,0.49850,0.50358
0,2,3,-1.26716,-1.24896,-1.22955,-1.20918,-1.18744,-1.16420,-1.13906,-1.11226,-1.08285,-1.05068,-1.01552,-0.97680,-0.93420,-0.88759,-0.83670,-0.78110,-0.72138,-0.65718,-0.58888,-0.51701,-0.44204,-0.36463,-0.28555,-0.20611,-0.12699,-0.04961,0.02474,0.09509,0.15997,0.21811,0.26827,0.30956,0.34090,0.36164,0.37105,0.36859,0.35423,0.32795,0.29004,0.24112,0.18162,0.11263,0.03546,-0.04885,-0.13871,-0.23271,-0.32956,-0.42761,-0.52491,-0.62045,-0.71229,-0.79950,-0.88105,-0.95561,-1.02261,-1.08155,-1.13239,-1.17457,-1.20859,-1.23448,-1.25284,-1.26447,-1.26999,-1.27038,-1.26646,-1.25933,-1.24997,-1.23922,-1.22809,-1.21741,-1.20781,-1.20015,-1.19477,-1.19211,-1.19214,-1.19517,-1.20098,-1.20932,-1.22001,-1.23240,-1.24652,-1.26159,-1.27727,-1.29278,-1.30787,-1.32212,-1.33491,-1.34589,-1.35470,-1.36127,-1.36543,-1.36706,-1.36610,-1.36279,-1.35725,-1.34964,-1.33976,-1.32813,-1.31487,-1.30032,-1.28435
0,2,4,1.41552,1.39316,1.37039,1.34666,1.32147,1.29464,1.26557,1.23405,1.19948,1.16175,1.12026,1.07523,1.02633,0.97336,0.91628,0.85489,0.78940,0.71977,0.64616,0.56823,0.48631,0.40063,0.31120,0.21833,0.12216,0.02285,-0.07918,-0.18368,-0.29014,-0.39839,-0.50759,-0.61730,-0.72706,-0.83600,-0.94348,-1.04841,-1.15040,-1.24819,-1.34099,-1.42813,-1.50828,-1.58069,-1.64462,-1.69930,-1.74368,-1.77749,-1.80013,-1.81087,-1.80971,-1.79646,-1.77061,-1.73232,-1.68199,-1.61953,-1.54548,-1.46039,-1.36467,-1.25915,-1.14483,-1.02254,-0.89273,-0.75679,-0.61572,-0.47075,-0.32278,-0.17324,-0.02325,0.12604,0.27327,0.41734,0.55722,0.69200,0.82026,0.94164,1.05500,1.15968,1.25522,1.34114,1.41716,1.48310,1.53923,1.58564,1.62258,1.65061,1.67007,1.68209,1.68682,1.68554,1.67893,1.66759,1.65291,1.63524,1.61542,1.59396,1.57201,1.54930,1.52643,1.50390,1.48139,1.45930,1.43739
0,2,5,0.06119,0.07890,0.09654,0.11382,0.13084,0.14716,0.16287,0.17775,0.19172,0.20479,0.21688,0.22806,0.23810,0.24771,0.25643,0.26454,0.27234,0.27985,0.28733,0.29474,0.30222,0.30956,0.31714,0.32461,0.33186,0.33896,0.34527,0.35056,0.35490,0.35728,0.35758,0.35516,0.34959,0.34043,0.32737,0.31012,0.28810,0.26144,0.22997,0.19403,0.15354,0.10892,0.06085,0.00965,-0.04372,-0.09814,-0.15295,-0.20732,-0.26004,-0.31030,-0.35696,-0.39895,-0.43582,-0.46711,-0.49177,-0.50957,-0.52039,-0.52414,-0.52130,-0.51208,-0.49672,-0.47579,-0.45050,-0.42129,-0.38916,-0.35506,-0.31958,-0.28399,-0.24929,-0.21584,-0.18450,-0.15589,-0.13029,-0.10808,-0.08957,-0.07437,-0.06275,-0.05470,-0.04964,-0.04736,-0.04728,-0.04919,-0.05240,-0.05653,-0.06066,-0.06477,-0.06827,-0.07075,-0.07215,-0.07188,-0.06991,-0.06608,-0.06051,-0.05263,-0.04316,-0.03199,-0.01909,-0.00483,0.01056,0.02677,0.04383
0,2,6,0.39737,0.43473,0.46919,0.50094,0.53000,0.55667,0.58092,0.60283,0.62268,0.64065,0.65685,0.67150,0.68449,0.69597,0.70615,0.71503,0.72250,0.72850,0.73297,0.73570,0.73672,0.73553,0.73185,0.72541,0.71593,0.70297,0.68639,0.66564,0.64040,0.61038,0.57542,0.53525,0.48945,0.43804,0.38057,0.31749,0.24855,0.17420,0.09432,0.00923,-0.08030,-0.17398,-0.27103,-0.37104,-0.47308,-0.57645,-0.67978,-0.78249,-0.88363,-0.98234,-1.07730,-1.16783,-1.25293,-1.33176,-1.40398,-1.46847,-1.52490,-1.57263,-1.61165,-1.64182,-1.66281,-1.67496,-1.67812,-1.67307,-1.65969,-1.63890,-1.61128,-1.57707,-1.53713,-1.49219,-1.44295,-1.38980,-1.33364,-1.27464,-1.21343,-1.15062,-1.08671,-1.02185,-0.95622,-0.89015,-0.82380,-0.75758,-0.69126,-0.62513,-0.55923,-0.49361,-0.42850,-0.36375,-0.29987,-0.23644,-0.17422,-0.11283,-0.05275,0.00578,0.06255,0.11737,0.17025,0.22076,0.26896,0.31437,0.35725
0,3,0,-1.00345,-0.96528,-0.92865,-0.89407,-0.86146,-0.83122,-0.80346,-0.77831,-0.75557,-0.73533,-0.71776,-0.70235,-0.68903,-0.67742,-0.66746,-0.65903,-0.65204,-0.64609,-0.64104,-0.63686,-0.63374,-0.63146,-0.63010,-0.62948,-0.62987,-0.63181,-0.63499,-0.63992,-0.64696,-0.65634,-0.66820,-0.68308,-0.70104,-0.72215,-0.74705,-0.77544,-0.80723,-0.84267,-0.88166,-0.92373,-0.96892,-1.01692,-1.06725,-1.11960,-1.17353,-1.22837,-1.28376,-1.33913,-1.39416,-1.44793,-1.50019,-1.55046,-1.59815,-1.64329,-1.68544,-1.72411,-1.75904,-1.79034,-1.81797,-1.84165,-1.86179,-1.87800,-1.89070,-1.90009,-1.90605,-1.90903,-1.90904,-1.90664,-1.90168,-1.89476,-1.88584,-1.87539,-1.86361,-1.85054,-1.83617,-1.82070,-1.80437,-1.78693,-1.76863,-1.74928,-1.72891,-1.70725,-1.68458,-1.66053,-1.63504,-1.60796,-1.57930,-1.54913,-1.51726,-1.48379,-1.44856,-1.41170,-1.37337,-1.33401,-1.29337,-1.25183,-1.20974,-1.16754,-1.12554,-1.08400,-1.04320
0,3,1,-0.78634,-0.71195,-0.63963,-0.56974,-0.50300,-0.43948,-0.37891,-0.32137,-0.26683,-0.21471,-0.16485,-0.11710,-0.07081,-0.02567,0.01870,0.06266,0.10655,0.15073,0.19539,0.24077,0.28700,0.33435,0.38245,0.43157,0.48153,0.53215,0.58327,0.63476,0.68651,0.73826,0.78978,0.84085,0.89137,0.94116,0.99007,1.03787,1.08430,1.12912,1.17249,1.21394,1.25340,1.29047,1.32485,1.35647,1.38497,1.40989,1.43061,1.44694,1.45812,1.46422,1.46448,1.45817,1.44505,1.42471,1.39682,1.36073,1.31625,1.26284,1.20066,1.12962,1.04959,0.96112,0.86396,0.75884,0.64620,0.52699,0.40166,0.27129,0.13667,-0.00082,-0.13978,-0.27927,-0.41785,-0.55438,-0.68706,-0.81471,-0.93593,-1.05007,-1.15550,-1.25114,-1.33614,-1.40983,-1.47178,-1.52143,-1.55849,-1.58272,-1.59469,-1.59447,-1.58262,-1.55975,-1.52670,-1.48436,-1.43373,-1.37584,-1.31161,-1.24271,-1.17020,-1.09480,-1.01768,-0.94002,-0.86271
0,3,2,-0.04452,0.01507,0.07424,0.13280,0.19047,0.24712,0.30239,0.35673,0.40976,0.46138,0.51169,0.56067,0.60801,0.65397,0.69851,0.74138,0.78244,0.82194,0.85955,0.89512,0.92878,0.96012,0.98933,1.01607,1.04047,1.06217,1.08156,1.09872,1.11355,1.12627,1.13706,1.14621,1.15409,1.16084,1.16675,1.17227,1.17776,1.18342,1.18964,1.19691,1.20534,1.21529,1.22676,1.23978,1.25448,1.27073,1.28834,1.30671,1.32574,1.34499,1.36363,1.38105,1.39674,1.40976,1.41923,1.42445,1.42453,1.41844,1.40594,1.38619,1.35872,1.32310,1.27906,1.22633,1.16514,1.09576,1.01844,0.93392,0.84270,0.74608,0.64491,0.54065,0.43382,0.32650,0.21960,0.11456,0.01307,-0.08390,-0.17490,-0.25920,-0.33522,-0.40295,-0.46126,-0.50979,-0.54853,-0.57697,-0.59550,-0.60397,-0.60314,-0.59327,-0.57498,-0.54916,-0.51641,-0.47775,-0.43374,-0.38536,-0.33346,-0.27864,-0.22187,-0.16337,-0.10421
0,3,3,-0.47713,-0.46199,-0.44429,-0.42396,-0.40106,-0.37584,-0.34859,-0.31947,-0.28865,-0.25654,-0.22314,-0.18876,-0.15367,-0.11800,-0.08233,-0.04638,-0.01073,0.02462,0.05942,0.09351,0.12694,0.15956,0.19156,0.22275,0.25332,0.28351,0.31332,0.34321,0.37308,0.40366,0.43480,0.46707,0.50058,0.53562,0.57256,0.61137,0.65229,0.69503,0.74007,0.78670,0.83518,0.88479,0.93547,0.98659,1.03778,1.08838,1.13755,1.18494,1.22960,1.27105,1.30829,1.34099,1.36837,1.38979,1.40495,1.41333,1.41464,1.40858,1.39518,1.37403,1.34575,1.31052,1.26851,1.22007,1.16562,1.10588,1.04137,0.97286,0.90080,0.82602,0.74920,0.67124,0.59264,0.51407,0.43607,0.35927,0.28408,0.21106,0.14060,0.07289,0.00842,-0.05278,-0.11010,-0.16382,-0.21364,-0.25952,-0.30144,-0.33933,-0.37312,-0.40303,-0.42925,-0.45138,-0.46983,-0.48456,-0.49564,-0.50295,-0.50685,-0.50724,-0.50448,-0.49839,-0.48926
0,3,4,-0.28444,-0.32096,-0.35730,-0.39326,-0.42848,-0.46293,-0.49596,-0.52764,-0.55777,-0.58633,-0.61310,-0.63814,-0.66160,-0.68309,-0.70358,-0.72256,-0.74036,-0.75713,-0.77308,-0.78815,-0.80267,-0.81664,-0.82978,-0.84241,-0.85418,-0.86499,-0.87442,-0.88237,-0.88811,-0.89159,-0.89224,-0.88976,-0.88360,-0.87334,-0.85879,-0.83925,-0.81464,-0.78463,-0.74875,-0.70724,-0.66014,-0.60744,-0.54912,-0.48571,-0.41767,-0.34521,-0.26932,-0.19013,-0.10865,-0.02543,0.05850,0.14237,0.22541,0.30689,0.38576,0.46131,0.53273,0.59898,0.65991,0.71455,0.76260,0.80338,0.83704,0.86299,0.88139,0.89238,0.89583,0.89243,0.88213,0.86549,0.84321,0.81601,0.78444,0.74904,0.71059,0.66987,0.62754,0.58432,0.54049,0.49687,0.45372,0.41165,0.37066,0.33101,0.29288,0.25622,0.22088,0.18662,0.15342,0.12092,0.08899,0.05726,0.02550,-0.00657,-0.03909,-0.07221,-0.10605,-0.14049,-0.17565,-0.21147,-0.24783
0,3,5,0.91789,0.83042,0.74072,0.64923,0.55673,0.46392,0.37135,0.28007,0.19056,0.10387,0.02048,-0.05887,-0.13330,-0.20226,-0.26508,-0.32155,-0.37123,-0.41387,-0.44900,-0.47666,-0.49738,-0.51073,-0.51696,-0.51627,-0.50898,-0.49552,-0.47618,-0.45147,-0.42170,-0.38747,-0.34938,-0.30754,-0.26258,-0.21490,-0.16482,-0.11259,-0.05877,-0.00338,0.05325,0.11111,0.17000,0.23002,0.29069,0.35246,0.41534,0.47904,0.54408,0.61010,0.67759,0.74621,0.81632,0.88753,0.95998,1.03351,1.10782,1.18288,1.25811,1.33350,1.40832,1.48215,1.55459,1.62488,1.69248,1.75673,1.81724,1.87332,1.92448,1.97052,2.01089,2.04541,2.07378,2.09602,2.11210,2.12195,2.12622,2.12468,2.11787,2.10623,2.09006,2.06981,2.04580,2.01879,1.98859,1.95572,1.92047,1.88302,1.84345,1.80172,1.75788,1.71162,1.66302,1.61180,1.55775,1.50062,1.44020,1.37629,1.30877,1.23769,1.16282,1.08456,1.00268
0,3,6,-0.60171,-0.54390,-0.48516,-0.42574,-0.36636,-0.30713,-0.24830,-0.19013,-0.13294,-0.07644,-0.02043,0.03482,0.08981,0.14473,0.19981,0.25566,0.31241,0.37013,0.42935,0.49038,0.55311,0.61771,0.68426,0.75250,0.82227,0.89375,0.96627,1.03983,1.11394,1.18820,1.26203,1.33516,1.40709,1.47707,1.54480,1.60961,1.67149,1.72978,1.78403,1.83403,1.87951,1.92014,1.95577,1.98594,2.01052,2.02950,2.04292,2.05026,2.05151,2.04658,2.03545,2.01804,1.99420,1.96366,1.92667,1.88305,1.83283,1.77606,1.71264,1.64287,1.56666,1.48471,1.39662,1.30318,1.20443,1.10115,0.99383,0.88293,0.76916,0.65293,0.53551,0.41721,0.29917,0.18187,0.06638,-0.04653,-0.15597,-0.26108,-0.36148,-0.45601,-0.54415,-0.62526,-0.69911,-0.76482,-0.82217,-0.87098,-0.91095,-0.94204,-0.96422,-0.97771,-0.98245,-0.97892,-0.96742,-0.94852,-0.92257,-0.89039,-0.85259,-0.80961,-0.76232,-0.71144,-0.65788
0,4,0,0.21782,0.24400,0.26950,0.29411,0.31797,0.34073,0.36259,0.38392,0.40489,0.42572,0.44669,0.46808,0.49015,0.51368,0.53850,0.56478,0.59269,0.62267,0.65418,0.68729,0.72181,0.75694,0.79262,0.82812,0.86298,0.89613,0.92721,0.95516,0.97940,0.99935,1.01425,1.02305,1.02559,1.02125,1.00987,0.99113,0.96503,0.93135,0.89040,0.84278,0.78847,0.72830,0.66260,0.59217,0.51766,0.44017,0.36065,0.27994,0.19895,0.11851,0.03968,-0.03653,-0.10944,-0.17840,-0.24261,-0.30169,-0.35490,-0.40163,-0.44186,-0.47541,-0.50230,-0.52231,-0.53604,-0.54335,-0.54506,-0.54137,-0.53299,-0.52037,-0.50404,-0.48507,-0.46364,-0.44051,-0.41648,-0.39211,-0.36753,-0.34332,-0.32005,-0.29765,-0.27662,-0.25665,-0.23774,-0.21999,-0.20293,-0.18674,-0.17069,-0.15459,-0.13827,-0.12147,-0.10378,-0.08499,-0.06535,-0.04407,-0.02160,0.00213,0.02729,0.05329,0.08026,0.10755,0.13541,0.16311,0.19075
0,4,1,0.68637,0.54075,0.39140,0.23932,0.08452,-0.07171,-0.22921,-0.38685,-0.54413,-0.70041,-0.85507,-1.00754,-1.15672,-1.30222,-1.44333,-1.57952,-1.70995,-1.83401,-1.95114,-2.06087,-2.16262,-2.25604,-2.34057,-2.41598,-2.48201,-2.53831,-2.58497,-2.62170,-2.64847,-2.66546,-2.67266,-2.67021,-2.65831,-2.63729,-2.60719,-2.56858,-2.52153,-2.46648,-2.40384,-2.33384,-2.25678,-2.17321,-2.08345,-1.98785,-1.88702,-1.78097,-1.67038,-1.55578,-1.43736,-1.31540,-1.19063,-1.06338,-0.93393,-0.80282,-0.67049,-0.53708,-0.40320,-0.26939,-0.13561,-0.00260,0.12928,0.25994,0.38885,0.51552,0.63984,0.76148,0.87989,0.99494,1.10632,1.21335,1.31609,1.41415,1.50685,1.59410,1.67555,1.75053,1.81880,1.88000,1.93365,1.97933,2.01685,2.04572,2.06560,2.07632,2.07746,2.06899,2.05054,2.02219,1.98373,1.93545,1.87728,1.80956,1.73247,1.64617,1.55135,1.44829,1.33752,1.21953,1.09472,0.96389,0.82758
0,4,2,-0.57121,-0.60532,-0.64340,-0.68508,-0.72994,-0.77730,-0.82691,-0.87816,-0.93027,-0.98313,-1.03568,-1.08752,-1.13767,-1.18570,-1.23069,-1.27199,-1.30915,-1.34095,-1.36698,-1.38652,-1.39921,-1.40426,-1.40141,-1.39017,-1.36995,-1.34086,-1.30294,-1.25606,-1.20037,-1.13609,-1.06355,-0.98333,-0.89635,-0.80312,-0.70433,-0.60096,-0.49411,-0.38468,-0.27413,-0.16333,-0.05345,0.05418,0.15857,0.25871,0.35341,0.44180,0.52289,0.59577,0.65970,0.71433,0.75882,0.79302,0.81651,0.82924,0.83146,0.82319,0.80481,0.77657,0.73912,0.69296,0.63941,0.57896,0.51254,0.44153,0.36691,0.28962,0.21085,0.13186,0.05372,-0.02242,-0.09577,-0.16544,-0.23034,-0.28996,-0.34346,-0.39088,-0.43181,-0.46614,-0.49357,-0.51462,-0.52968,-0.53884,-0.54280,-0.54210,-0.53760,-0.53002,-0.52021,-0.50888,-0.49684,-0.48504,-0.47433,-0.46539,-0.45861,-0.45480,-0.45453,-0.45816,-0.46596,-0.47790,-0.49446,-0.51547,-0.54115
0,4,3,0.70668,0.60081,0.48419,0.35846,0.22513,0.08611,-0.05684,-0.20179,-0.34657,-0.48965,-0.62877,-0.76241,-0.88891,-1.00676,-1.11475,-1.21180,-1.29690,-1.36957,-1.42975,-1.47680,-1.51107,-1.53264,-1.54221,-1.54034,-1.52799,-1.50604,-1.47519,-1.43728,-1.39297,-1.34377,-1.29051,-1.23459,-1.17703,-1.11883,-1.06128,-1.00490,-0.95077,-0.89947,-0.85167,-0.80790,-0.76852,-0.73368,-0.70362,-0.67857,-0.65835,-0.64306,-0.63249,-0.62631,-0.62427,-0.62627,-0.63169,-0.64006,-0.65099,-0.66386,-0.67813,-0.69326,-0.70868,-0.72367,-0.73767,-0.75020,-0.76063,-0.76816,-0.77252,-0.77287,-0.76866,-0.75971,-0.74533,-0.72498,-0.69840,-0.66557,-0.62596,-0.57968,-0.52665,-0.46677,-0.40056,-0.32815,-0.24988,-0.16611,-0.07782,0.01436,0.10954,0.20677,0.30478,0.40246,0.49839,0.59125,0.67987,0.76274,0.83837,0.90544,0.96264,1.00858,1.04239,1.06298,1.06964,1.06171,1.03892,1.00124,0.94863,0.88160,0.80074
0,4,4,1.00344,0.98194,0.95521,0.92405,0.88859,0.84940,0.80725,0.76283,0.71648,0.66916,0.62163,0.57452,0.52848,0.48420,0.44219,0.40281,0.36672,0.33408,0.30488,0.27934,0.25752,0.23942,0.22457,0.21281,0.20388,0.19734,0.19291,0.18992,0.18805,0.18661,0.18546,0.18411,0.18223,0.17942,0.17560,0.17042,0.16382,0.15603,0.14667,0.13613,0.12415,0.11138,0.09778,0.08357,0.06906,0.05416,0.03970,0.02534,0.01181,-0.00110,-0.01316,-0.02387,-0.03339,-0.04137,-0.04803,-0.05296,-0.05631,-0.05790,-0.05770,-0.05579,-0.05194,-0.04625,-0.03864,-0.02914,-0.01746,-0.00380,0.01215,0.03026,0.05034,0.07278,0.09747,0.12433,0.15333,0.18455,0.21767,0.25296,0.29042,0.32950,0.37046,0.41277,0.45631,0.50088,0.54641,0.59227,0.63808,0.68346,0.72800,0.77167,0.81345,0.85298,0.88982,0.92334,0.95343,0.97950,1.00087,1.01743,1.02887,1.03501,1.03548,1.03042,1.01960
0,4,5,1.07796,1.03244,0.98233,0.92844,0.87146,0.81223,0.75153,0.68990,0.62803,0.56674,0.50647,0.44779,0.39110,0.33686,0.28525,0.23654,0.19104,0.14858,0.10941,0.07328,0.04018,0.00987,-0.01763,-0.04268,-0.06549,-0.08641,-0.10594,-0.12415,-0.14136,-0.15794,-0.17432,-0.19063,-0.20734,-0.22447,-0.24234,-0.26116,-0.28118,-0.30242,-0.32503,-0.34904,-0.37433,-0.40122,-0.42926,-0.45860,-0.48908,-0.52062,-0.55289,-0.58572,-0.61902,-0.65199,-0.68496,-0.71698,-0.74783,-0.77713,-0.80462,-0.82970,-0.85159,-0.87017,-0.88460,-0.89465,-0.89970,-0.89935,-0.89295,-0.88021,-0.86111,-0.83489,-0.80152,-0.76093,-0.71295,-0.65760,-0.59532,-0.52622,-0.45043,-0.36900,-0.28215,-0.19068,-0.09544,0.00283,0.10325,0.20445,0.30564,0.40590,0.50406,0.59913,0.69007,0.77580,0.85570,0.92913,0.99497,1.05294,1.10242,1.14320,1.17503,1.19776,1.21131,1.21596,1.21203,1.19975,1.17964,1.15216,1.11808
0,4,6,0.15758,0.19744,0.23396,0.26700,0.29691,0.32355,0.34734,0.36818,0.38628,0.40235,0.41617,0.42814,0.43852,0.44777,0.45606,0.46370,0.47083,0.47758,0.48449,0.49140,0.49847,0.50601,0.51392,0.52231,0.53136,0.54091,0.55054,0.56052,0.57038,0.58003,0.58930,0.59774,0.60519,0.61137,0.61620,0.61897,0.61955,0.61757,0.61306,0.60581,0.59545,0.58195,0.56544,0.54585,0.52333,0.49767,0.46930,0.43803,0.40416,0.36779,0.32919,0.28856,0.24617,0.20226,0.15650,0.10957,0.06149,0.01245,-0.03788,-0.08915,-0.14094,-0.19334,-0.24585,-0.29853,-0.35089,-0.40283,-0.45386,-0.50355,-0.55182,-0.59798,-0.64131,-0.68160,-0.71833,-0.75085,-0.77854,-0.80128,-0.81840,-0.82961,-0.83475,-0.83326,-0.82561,-0.81126,-0.79079,-0.76394,-0.73138,-0.69347,-0.65049,-0.60328,-0.55201,-0.49781,-0.44107,-0.38282,-0.32340,-0.26363,-0.20438,-0.14605,-0.08920,-0.03441,0.01804,0.06760,0.11405
1,0,0,-0.01997,0.04397,0.10792,0.17109,0.23250,0.29142,0.34673,0.39793,0.44391,0.48432,0.51872,0.54694,0.56854,0.58356,0.59195,0.59398,0.59040,0.58146,0.56766,0.54964,0.52843,0.50461,0.47918,0.45290,0.42652,0.40068,0.37624,0.35350,0.33312,0.31533,0.30024,0.28816,0.27899,0.27259,0.26865,0.26715,0.26733,0.26881,0.27134,0.27407,0.27625,0.27795,0.27848,0.27735,0.27426,0.26875,0.26072,0.24996,0.23680,0.22062,0.20180,0.18053,0.15700,0.13174,0.10467,0.07653,0.04724,0.01764,-0.01201,-0.04164,-0.07078,-0.09909,-0.12645,-0.15302,-0.17825,-0.20241,-0.22547,-0.24731,-0.26825,-0.28833,-0.30769,-0.32635,-0.34469,-0.36277,-0.38054,-0.39808,-0.41528,-0.43235,-0.44920,-0.46541,-0.48069,-0.49484,-0.50783,-0.51882,-0.52765,-0.53364,-0.53621,-0.53522,-0.53005,-0.52028,-0.50549,-0.48585,-0.46069,-0.42998,-0.39415,-0.35295,-0.30694,-0.25634,-0.20175,-0.14348,-0.08269
1,0,1,-1.43186,-1.44561,-1.45627,-1.46360,-1.46722,-1.46707,-1.46293,-1.45508,-1.44322,-1.42743,-1.40772,-1.38427,-1.35701,-1.32626,-1.29232,-1.25501,-1.21482,-1.17204,-1.12692,-1.07964,-1.03079,-0.98038,-0.92890,-0.87676,-0.82420,-0.77149,-0.71924,-0.66757,-0.61667,-0.56683,-0.51827,-0.47107,-0.42549,-0.38170,-0.33945,-0.29925,-0.26101,-0.22487,-0.19046,-0.15827,-0.12796,-0.09964,-0.07324,-0.04879,-0.02645,-0.00640,0.01126,0.02665,0.03961,0.04973,0.05688,0.06099,0.06193,0.05971,0.05392,0.04446,0.03119,0.01451,-0.00575,-0.02946,-0.05664,-0.08702,-0.12024,-0.15605,-0.19413,-0.23406,-0.27558,-0.31808,-0.36125,-0.40487,-0.44834,-0.49149,-0.53414,-0.57586,-0.61644,-0.65597,-0.69408,-0.73091,-0.76665,-0.80120,-0.83463,-0.86741,-0.89943,-0.93093,-0.96223,-0.99307,-1.02412,-1.05487,-1.08573,-1.11659,-1.14740,-1.17814,-1.20859,-1.23869,-1.26799,-1.29659,-1.32385,-1.34966,-1.37374,-1.39563,-1.41503
1,0,2,-1.72598,-1.69120,-1.65422,-1.61527,-1.57489,-1.53318,-1.49042,-1.44740,-1.40447,-1.36208,-1.32041,-1.28001,-1.24093,-1.20395,-1.16912,-1.13631,-1.10594,-1.07804,-1.05276,-1.02989,-1.00962,-0.99186,-0.97636,-0.96306,-0.95172,-0.94199,-0.93389,-0.92697,-0.92113,-0.91600,-0.91179,-0.90786,-0.90418,-0.90068,-0.89709,-0.89340,-0.88955,-0.88544,-0.88104,-0.87667,-0.87212,-0.86755,-0.86302,-0.85872,-0.85476,-0.85125,-0.84840,-0.84638,-0.84528,-0.84539,-0.84685,-0.85004,-0.85480,-0.86156,-0.87009,-0.88068,-0.89340,-0.90827,-0.92522,-0.94415,-0.96534,-0.98862,-1.01401,-1.04136,-1.07055,-1.10137,-1.13383,-1.16794,-1.20319,-1.23965,-1.27707,-1.31523,-1.35385,-1.39301,-1.43224,-1.47119,-1.50990,-1.54808,-1.58550,-1.62189,-1.65700,-1.69046,-1.72206,-1.75169,-1.77897,-1.80369,-1.82556,-1.84448,-1.86031,-1.87257,-1.88125,-1.88613,-1.88731,-1.88444,-1.87788,-1.86720,-1.85254,-1.83418,-1.81214,-1.78669,-1.75781
1,0,3,-1.06219,-1.13815,-1.21004,-1.27670,-1.33832,-1.39395,-1.44323,-1.48613,-1.52252,-1.55222,-1.57518,-1.59189,-1.60238,-1.60715,-1.60645,-1.60078,-1.59033,-1.57600,-1.55824,-1.53751,-1.51408,-1.48876,-1.46205,-1.43427,-1.40604,-1.37767,-1.34961,-1.32222,-1.29603,-1.27109,-1.24793,-1.22694,-1.20810,-1.19166,-1.17795,-1.16715,-1.15937,-1.15467,-1.15302,-1.15427,-1.15862,-1.16562,-1.17508,-1.18654,-1.19978,-1.21429,-1.22942,-1.24479,-1.25967,-1.27353,-1.28539,-1.29479,-1.30093,-1.30331,-1.30135,-1.29449,-1.28232,-1.26455,-1.24106,-1.21165,-1.17620,-1.13482,-1.08790,-1.03557,-0.97840,-0.91681,-0.85154,-0.78323,-0.71298,-0.64129,-0.56917,-0.49765,-0.42735,-0.35951,-0.29483,-0.23429,-0.17856,-0.12889,-0.08552,-0.04923,-0.02077,-0.00037,0.01156,0.01467,0.00882,-0.00583,-0.02935,-0.06146,-0.10180,-0.15009,-0.20568,-0.26769,-0.33556,-0.40865,-0.48591,-0.56637,-0.64930,-0.73318,-0.81744,-0.90109,-0.98299
1,0,4,0.24547,0.20675,0.16981,0.13444,0.10074,0.06846,0.03750,0.00794,-0.02031,-0.04733,-0.07281,-0.09661,-0.11872,-0.13828,-0.15528,-0.16904,-0.17882,-0.18424,-0.18422,-0.17801,-0.16434,-0.14287,-0.11252,-0.07233,-0.02173,0.03991,0.11303,0.19780,0.29430,0.40260,0.52249,0.65299,0.79340,0.94271,1.09948,1.26233,1.42943,1.59905,1.76915,1.93783,2.10314,2.26298,2.41545,2.55880,2.69120,2.81135,2.91798,3.00987,3.08640,3.14728,3.19194,3.22061,3.23385,3.23202,3.21574,3.18621,3.14439,3.09180,3.02974,2.95934,2.88214,2.79955,2.71306,2.62392,2.53343,2.44212,2.35143,2.26204,2.17455,2.08934,2.00698,1.92750,1.85101,1.77770,1.70719,1.63949,1.57411,1.51110,1.45001,1.39049,1.33230,1.27501,1.21849,1.16247,1.10692,1.05138,0.99589,0.94048,0.88535,0.83057,0.77612,0.72215,0.66880,0.61626,0.56486,0.51459,0.46554,0.41812,0.37231,0.32828,0.28599
1,0,5,1.29904,1.17447,1.04113,0.90037,0.75340,0.60173,0.44681,0.29042,0.13408,-0.02058,-0.17188,-0.31815,-0.45780,-0.58941,-0.71155,-0.82315,-0.92290,-1.00999,-1.08344,-1.14317,-1.18851,-1.21956,-1.23624,-1.23878,-1.22807,-1.20466,-1.16948,-1.12359,-1.06817,-1.00456,-0.93461,-0.85947,-0.78071,-0.70018,-0.61938,-0.53962,-0.46247,-0.38914,-0.32066,-0.25830,-0.20278,-0.15451,-0.11407,-0.08192,-0.05765,-0.04154,-0.03284,-0.03113,-0.03552,-0.04509,-0.05899,-0.07594,-0.09509,-0.11487,-0.13430,-0.15214,-0.16735,-0.17873,-0.18544,-0.18637,-0.18111,-0.16878,-0.14903,-0.12146,-0.08608,-0.04275,0.00853,0.06735,0.13364,0.20661,0.28584,0.37068,0.46051,0.55441,0.65188,0.75152,0.85265,0.95443,1.05591,1.15600,1.25378,1.34820,1.43804,1.52297,1.60152,1.67289,1.73588,1.78990,1.83406,1.86741,1.88971,1.89990,1.89762,1.88250,1.85440,1.81293,1.75838,1.69082,1.61041,1.51793,1.41390
1,0,6,1.12567,1.14458,1.15713,1.16295,1.16130,1.15169,1.13416,1.10830,1.07401,1.03157,0.98098,0.92254,0.85671,0.78421,0.70544,0.62157,0.53311,0.44090,0.34626,0.25000,0.15305,0.05656,-0.03827,-0.13072,-0.21972,-0.30448,-0.38413,-0.45799,-0.52528,-0.58584,-0.63900,-0.68455,-0.72231,-0.75214,-0.77417,-0.78868,-0.79557,-0.79538,-0.78862,-0.77549,-0.75634,-0.73190,-0.70245,-0.66882,-0.63145,-0.59071,-0.54705,-0.50108,-0.45338,-0.40426,-0.35416,-0.30340,-0.25234,-0.20137,-0.15105,-0.10140,-0.05284,-0.00558,0.03992,0.08371,0.12531,0.16448,0.20101,0.23487,0.26596,0.29413,0.31935,0.34166,0.36094,0.37764,0.39194,0.40375,0.41358,0.42171,0.42875,0.43492,0.44073,0.44662,0.45319,0.46091,0.47023,0.48167,0.49523,0.51156,0.53092,0.55335,0.57891,0.60768,0.63966,0.67425,0.71164,0.75106,0.79222,0.83439,0.87709,0.91949,0.96071,1.00042,1.03763,1.07148,1.10099
1,1,0,-0.59685,-0.60767,-0.61105,-0.60652,-0.59452,-0.57493,-0.54801,-0.51411,-0.47384,-0.42769,-0.37648,-0.32080,-0.26169,-0.19998,-0.13639,-0.07196,-0.00753,0.05613,0.11830,0.17790,0.23453,0.28752,0.33606,0.38025,0.41946,0.45326,0.48177,0.50491,0.52283,0.53547,0.54314,0.54566,0.54376,0.53786,0.52779,0.51415,0.49737,0.47772,0.45548,0.43104,0.40455,0.37639,0.34704,0.31644,0.28464,0.25221,0.21927,0.18616,0.15275,0.11946,0.08645,0.05405,0.02249,-0.00797,-0.03696,-0.06417,-0.08911,-0.11151,-0.13097,-0.14707,-0.15957,-0.16842,-0.17329,-0.17405,-0.17074,-0.16341,-0.15220,-0.13734,-0.11932,-0.09859,-0.07560,-0.05113,-0.02581,-0.00050,0.02392,0.04672,0.06716,0.08450,0.09785,0.10669,0.11058,0.10898,0.10162,0.08828,0.06897,0.04379,0.01306,-0.02274,-0.06313,-0.10724,-0.15420,-0.20338,-0.25355,-0.30398,-0.35349,-0.40111,-0.44599,-0.48702,-0.52340,-0.55414,-0.57898
1,1,1,-0.56022,-0.58725,-0.60657,-0.61819,-0.62212,-0.61846,-0.60762,-0.58992,-0.56582,-0.53588,-0.50098,-0.46167,-0.41906,-0.37394,-0.32714,-0.27985,-0.23290,-0.18758,-0.14469,-0.10523,-0.07004,-0.04018,-0.01606,0.00166,0.01224,0.01592,0.01220,0.00129,-0.01651,-0.04083,-0.07146,-0.10726,-0.14739,-0.19116,-0.23719,-0.28451,-0.33178,-0.37777,-0.42093,-0.46022,-0.49443,-0.52259,-0.54367,-0.55652,-0.56064,-0.55531,-0.54044,-0.51548,-0.48041,-0.43535,-0.38076,-0.31728,-0.24542,-0.16636,-0.08052,0.01042,0.10553,0.20348,0.30306,0.40291,0.50174,0.59836,0.69108,0.77921,0.86162,0.93716,1.00522,1.06485,1.11560,1.15685,1.18835,1.20989,1.22108,1.22247,1.21370,1.19536,1.16769,1.13132,1.08643,1.03370,0.97406,0.90776,0.83588,0.75911,0.67815,0.59380,0.50705,0.41883,0.32957,0.24048,0.15224,0.06534,-0.01904,-0.10009,-0.17731,-0.25014,-0.31765,-0.37949,-0.43517,-0.48385,-0.52562
1,1,2,0.06644,0.10201,0.14152,0.18478,0.23181,0.28214,0.33566,0.39199,0.45071,0.51147,0.57382,0.63748,0.70195,0.76684,0.83151,0.89527,0.95765,1.01834,1.07669,1.13207,1.18376,1.23172,1.27528,1.31409,1.34773,1.37587,1.39804,1.41425,1.42454,1.42828,1.42584,1.41726,1.40282,1.38249,1.35695,1.32634,1.29139,1.25250,1.21007,1.16508,1.11777,1.06908,1.01947,0.96965,0.92000,0.87144,0.82410,0.77851,0.73476,0.69354,0.65471,0.61849,0.58467,0.55334,0.52481,0.49849,0.47443,0.45208,0.43161,0.41253,0.39472,0.37784,0.36145,0.34546,0.32993,0.31456,0.29912,0.28337,0.26765,0.25169,0.23543,0.21886,0.20188,0.18461,0.16697,0.14922,0.13111,0.11297,0.09477,0.07668,0.05876,0.04112,0.02412,0.00778,-0.00778,-0.02269,-0.03615,-0.04833,-0.05870,-0.06717,-0.07347,-0.07747,-0.07879,-0.07690,-0.07196,-0.06349,-0.05149,-0.03580,-0.01627,0.00730,0.03482
1,1,3,-1.59701,-1.58829,-1.57443,-1.55498,-1.53011,-1.49992,-1.46451,-1.42397,-1.37834,-1.32807,-1.27313,-1.21421,-1.15145,-1.08544,-1.01645,-0.94500,-0.87178,-0.79682,-0.72138,-0.64535,-0.56955,-0.49445,-0.42044,-0.34789,-0.27714,-0.20874,-0.14265,-0.07937,-0.01882,0.03892,0.09375,0.14565,0.19486,0.24147,0.28568,0.32766,0.36752,0.40546,0.44202,0.47706,0.51094,0.54387,0.57583,0.60690,0.63700,0.66605,0.69363,0.71995,0.74439,0.76665,0.78622,0.80309,0.81644,0.82597,0.83116,0.83136,0.82627,0.81554,0.79899,0.77585,0.74657,0.71060,0.66815,0.61942,0.56459,0.50372,0.43736,0.36612,0.29020,0.21042,0.12737,0.04168,-0.04612,-0.13508,-0.22473,-0.31461,-0.40365,-0.49164,-0.57815,-0.66247,-0.74421,-0.82308,-0.89893,-0.97143,-1.04042,-1.10577,-1.16739,-1.22534,-1.27937,-1.32953,-1.37559,-1.41754,-1.45555,-1.48924,-1.51878,-1.54373,-1.56452,-1.58080,-1.59231,-1.59894,-1.60056
1,1,4,0.07070,0.11543,0.16488,0.21873,0.27597,0.33626,0.39850,0.46233,0.52653,0.59042,0.65303,0.71367,0.77152,0.82567,0.87529,0.91992,0.95880,0.99139,1.01757,1.03681,1.04908,1.05447,1.05313,1.04527,1.03131,1.01193,0.98751,0.95884,0.92678,0.89195,0.85559,0.81842,0.78134,0.74528,0.71098,0.67920,0.65042,0.62558,0.60466,0.58836,0.57662,0.56977,0.56777,0.57059,0.57817,0.59001,0.60595,0.62547,0.64838,0.67395,0.70184,0.73158,0.76233,0.79381,0.82535,0.85627,0.88617,0.91458,0.94084,0.96453,0.98524,1.00247,1.01590,1.02525,1.02999,1.03012,1.02514,1.01506,0.99987,0.97953,0.95392,0.92342,0.88799,0.84791,0.80388,0.75602,0.70488,0.65066,0.59440,0.53636,0.47767,0.41868,0.35995,0.30243,0.24682,0.19402,0.14422,0.09827,0.05665,0.02002,-0.01101,-0.03621,-0.05535,-0.06798,-0.07385,-0.07289,-0.06532,-0.05088,-0.02989,-0.00227,0.03124
1,1,5,-0.02071,0.00364,0.03145,0.06159,0.09356,0.12666,0.16003,0.19292,0.22435,0.25347,0.27906,0.30078,0.31770,0.32895,0.33394,0.33219,0.32345,0.30749,0.28421,0.25345,0.21527,0.17003,0.11793,0.05954,-0.00497,-0.07489,-0.14941,-0.22816,-0.31037,-0.39522,-0.48216,-0.57062,-0.65966,-0.74857,-0.83684,-0.92356,-1.00829,-1.09054,-1.16933,-1.24417,-1.31464,-1.38034,-1.44080,-1.49532,-1.54362,-1.58528,-1.62011,-1.64784,-1.66830,-1.68111,-1.68630,-1.68375,-1.67361,-1.65591,-1.63091,-1.59862,-1.55948,-1.51386,-1.46228,-1.40536,-1.34325,-1.27671,-1.20641,-1.13309,-1.05722,-0.97977,-0.90117,-0.82229,-0.74397,-0.66674,-0.59142,-0.51881,-0.44948,-0.38400,-0.32278,-0.26662,-0.21582,-0.17074,-0.13133,-0.09785,-0.07032,-0.04862,-0.03271,-0.02215,-0.01635,-0.01493,-0.01735,-0.02285,-0.03072,-0.04019,-0.05032,-0.06042,-0.06968,-0.07731,-0.08266,-0.08519,-0.08439,-0.07979,-0.07122,-0.05829,-0.04150
1,1,6,-0.57015,-0.49520,-0.41422,-0.32746,-0.23533,-0.13846,-0.03735,0.06724,0.17480,0.28430,0.39561,0.50764,0.61957,0.73079,0.84079,0.94861,1.05370,1.15580,1.25363,1.34703,1.43562,1.51881,1.59623,1.66780,1.73298,1.79165,1.84385,1.88940,1.92831,1.96065,1.98617,2.00556,2.01856,2.02548,2.02659,2.02240,2.01291,1.99846,1.97964,1.95610,1.92878,1.89789,1.86352,1.82587,1.78529,1.74202,1.69600,1.64755,1.59697,1.54369,1.48816,1.43053,1.37068,1.30858,1.24437,1.17805,1.10964,1.03935,0.96722,0.89323,0.81770,0.74085,0.66294,0.58417,0.50459,0.42486,0.34484,0.26523,0.18611,0.10785,0.03045,-0.04558,-0.11988,-0.19241,-0.26268,-0.33097,-0.39672,-0.45977,-0.51973,-0.57679,-0.63058,-0.68083,-0.72748,-0.77002,-0.80839,-0.84243,-0.87173,-0.89602,-0.91485,-0.92825,-0.93581,-0.93707,-0.93200,-0.92004,-0.90135,-0.87546,-0.84247,-0.80219,-0.75452,-0.70009,-0.63840
1,2,0,-0.42751,-0.32834,-0.22511,-0.11794,-0.00695,0.10716,0.22437,0.34404,0.46561,0.58891,0.71295,0.83720,0.96071,1.08288,1.20261,1.31903,1.43147,1.53892,1.64056,1.73534,1.82270,1.90161,1.97185,2.03282,2.08392,2.12508,2.15602,2.17676,2.18730,2.18820,2.17945,2.16143,2.13485,2.10016,2.05824,2.00969,1.95499,1.89509,1.83048,1.76211,1.69053,1.61646,1.54054,1.46335,1.38555,1.30736,1.22933,1.15182,1.07492,0.99893,0.92373,0.84963,0.77660,0.70431,0.63291,0.56209,0.49169,0.42130,0.35105,0.28038,0.20908,0.13732,0.06444,-0.00943,-0.08412,-0.15977,-0.23652,-0.31381,-0.39143,-0.46940,-0.54655,-0.62308,-0.69833,-0.77137,-0.84162,-0.90884,-0.97198,-1.03042,-1.08389,-1.13146,-1.17286,-1.20755,-1.23525,-1.25553,-1.26836,-1.27353,-1.27108,-1.26087,-1.24302,-1.21787,-1.18544,-1.14607,-1.10005,-1.04757,-0.98888,-0.92436,-0.85424,-0.77891,-0.69830,-0.61282,-0.52250
1,2,1,0.52555,0.52790,0.53460,0.54551,0.56070,0.58009,0.60312,0.62980,0.65960,0.69209,0.72670,0.76303,0.80031,0.83774,0.87511,0.91114,0.94568,0.97801,1.00729,1.03303,1.05495,1.07291,1.08618,1.09513,1.09925,1.09867,1.09358,1.08439,1.07111,1.05411,1.03410,1.01120,0.98608,0.95940,0.93158,0.90281,0.87403,0.84538,0.81740,0.79058,0.76510,0.74124,0.71918,0.69947,0.68177,0.66651,0.65363,0.64334,0.63562,0.63056,0.62825,0.62814,0.63079,0.63599,0.64357,0.65340,0.66528,0.67929,0.69509,0.71273,0.73159,0.75138,0.77201,0.79330,0.81489,0.83629,0.85709,0.87703,0.89600,0.91368,0.92951,0.94290,0.95417,0.96283,0.96892,0.97218,0.97229,0.96947,0.96367,0.95501,0.94311,0.92870,0.91156,0.89217,0.87059,0.84719,0.82226,0.79618,0.76936,0.74174,0.71425,0.68698,0.66057,0.63531,0.61176,0.59034,0.57140,0.55534,0.54234,0.53288,0.52718
1,2,2,-0.90888,-0.86433,-0.81846,-0.77098,-0.72171,-0.67056,-0.61734,-0.56187,-0.50406,-0.44366,-0.38100,-0.31608,-0.24893,-0.17958,-0.10851,-0.03635,0.03672,0.11004,0.18298,0.25508,0.32571,0.39390,0.45901,0.52062,0.57795,0.63051,0.67769,0.71883,0.75356,0.78177,0.80291,0.81701,0.82379,0.82328,0.81554,0.80080,0.77911,0.75093,0.71678,0.67685,0.63142,0.58135,0.52692,0.46861,0.40731,0.34305,0.27664,0.20842,0.13905,0.06873,-0.00201,-0.07284,-0.14367,-0.21396,-0.28375,-0.35285,-0.42113,-0.48853,-0.55471,-0.61992,-0.68400,-0.74692,-0.80859,-0.86895,-0.92793,-0.98539,-1.04132,-1.09531,-1.14721,-1.19671,-1.24359,-1.28776,-1.32849,-1.36588,-1.39940,-1.42910,-1.45458,-1.47540,-1.49151,-1.50285,-1.50960,-1.51154,-1.50874,-1.50125,-1.48941,-1.47361,-1.45402,-1.43068,-1.40416,-1.37477,-1.34315,-1.30923,-1.27370,-1.23680,-1.19859,-1.15940,-1.11942,-1.07878,-1.03740,-0.99551,-0.95267
1,2,3,0.74911,0.66752,0.58271,0.49631,0.41001,0.32538,0.24399,0.16716,0.09627,0.03216,-0.02382,-0.07120,-0.10915,-0.13749,-0.15605,-0.16473,-0.16367,-0.15336,-0.13467,-0.10796,-0.07429,-0.03465,0.01004,0.05854,0.10960,0.16216,0.21513,0.26717,0.31729,0.36484,0.40837,0.44742,0.48124,0.50928,0.53104,0.54630,0.55508,0.55701,0.55251,0.54146,0.52420,0.50109,0.47256,0.43912,0.40060,0.35794,0.31145,0.26175,0.20908,0.15403,0.09697,0.03820,-0.02124,-0.08145,-0.14177,-0.20192,-0.26124,-0.31883,-0.37448,-0.42729,-0.47646,-0.52125,-0.56083,-0.59431,-0.62088,-0.64005,-0.65086,-0.65256,-0.64485,-0.62701,-0.59882,-0.56014,-0.51096,-0.45172,-0.38260,-0.30440,-0.21793,-0.12441,-0.02504,0.07890,0.18562,0.29366,0.40122,0.50663,0.60811,0.70399,0.79263,0.87252,0.94237,1.00119,1.04791,1.08175,1.10236,1.10991,1.10407,1.08524,1.05428,1.01166,0.95857,0.89625,0.82603
1,2,4,-0.41949,-0.37521,-0.32831,-0.27870,-0.22658,-0.17166,-0.11431,-0.05486,0.00639,0.06929,0.13316,0.19767,0.26198,0.32556,0.38800,0.44835,0.50616,0.56080,0.61189,0.65869,0.70092,0.73798,0.76976,0.79606,0.81679,0.83185,0.84125,0.84550,0.84469,0.83928,0.82934,0.81536,0.79784,0.77709,0.75363,0.72771,0.69949,0.66925,0.63754,0.60439,0.56990,0.53422,0.49759,0.45991,0.42135,0.38187,0.34154,0.30044,0.25858,0.21609,0.17301,0.12950,0.08580,0.04185,-0.00219,-0.04619,-0.08974,-0.13288,-0.17567,-0.21757,-0.25862,-0.29861,-0.33771,-0.37564,-0.41255,-0.44828,-0.48256,-0.51582,-0.54770,-0.57828,-0.60727,-0.63470,-0.66063,-0.68480,-0.70721,-0.72763,-0.74611,-0.76247,-0.77649,-0.78820,-0.79741,-0.80399,-0.80796,-0.80922,-0.80778,-0.80373,-0.79712,-0.78803,-0.77634,-0.76233,-0.74607,-0.72758,-0.70694,-0.68387,-0.65889,-0.63150,-0.60216,-0.57037,-0.53629,-0.49993,-0.46095
1,2,5,0.80808,0.83213,0.85208,0.86783,0.87955,0.88727,0.89118,0.89140,0.88835,0.88231,0.87350,0.86228,0.84895,0.83393,0.81758,0.79987,0.78106,0.76162,0.74169,0.72133,0.70060,0.67958,0.65829,0.63683,0.61494,0.59270,0.57002,0.54687,0.52308,0.49895,0.47406,0.44876,0.42305,0.39684,0.37032,0.34370,0.31720,0.29064,0.26434,0.23848,0.21329,0.18885,0.16538,0.14272,0.12121,0.10079,0.08161,0.06330,0.04589,0.02950,0.01378,-0.00134,-0.01601,-0.03032,-0.04431,-0.05827,-0.07217,-0.08618,-0.10013,-0.11404,-0.12788,-0.14163,-0.15506,-0.16795,-0.18009,-0.19139,-0.20145,-0.21007,-0.21693,-0.22179,-0.22434,-0.22440,-0.22182,-0.21614,-0.20749,-0.19552,-0.18023,-0.16151,-0.13947,-0.11398,-0.08500,-0.05288,-0.01767,0.02052,0.06128,0.10446,0.14989,0.19708,0.24542,0.29506,0.34526,0.39546,0.44553,0.49486,0.54272,0.58885,0.63305,0.67451,0.71315,0.74844,0.78008
1,2,6,0.69853,0.64894,0.59805,0.54593,0.49290,0.43927,0.38530,0.33154,0.27796,0.22490,0.17268,0.12154,0.07182,0.02343,-0.02327,-0.06854,-0.11194,-0.15363,-0.19352,-0.23156,-0.26807,-0.30283,-0.33609,-0.36775,-0.39778,-0.42644,-0.45359,-0.47919,-0.50309,-0.52512,-0.54535,-0.56339,-0.57918,-0.59207,-0.60211,-0.60868,-0.61158,-0.61051,-0.60493,-0.59458,-0.57936,-0.55907,-0.53335,-0.50223,-0.46553,-0.42339,-0.37601,-0.32354,-0.26613,-0.20438,-0.13865,-0.06941,0.00260,0.07673,0.15244,0.22878,0.30540,0.38123,0.45576,0.52837,0.59854,0.66561,0.72906,0.78892,0.84435,0.89552,0.94219,0.98417,1.02177,1.05510,1.08427,1.10925,1.13044,1.14834,1.16286,1.17458,1.18349,1.19005,1.19447,1.19673,1.19708,1.19548,1.19217,1.18681,1.17980,1.17065,1.15944,1.14646,1.13111,1.11345,1.09330,1.07068,1.04525,1.01722,0.98650,0.95275,0.91657,0.87761,0.83615,0.79239,0.74649
1,3,0,0.05197,0.05807,0.06352,0.06826,0.07195,0.07477,0.07653,0.07727,0.07702,0.07558,0.07321,0.06977,0.06540,0.06018,0.05439,0.04792,0.04130,0.03463,0.02832,0.02275,0.01827,0.01508,0.01361,0.01433,0.01748,0.02375,0.03302,0.04594,0.06253,0.08295,0.10732,0.13567,0.16777,0.20341,0.24246,0.28426,0.32862,0.37484,0.42240,0.47056,0.51892,0.56649,0.61281,0.65721,0.69905,0.73791,0.77323,0.80442,0.83122,0.85354,0.87106,0.88368,0.89143,0.89457,0.89257,0.88641,0.87595,0.86151,0.84336,0.82198,0.79751,0.77022,0.74094,0.70936,0.67616,0.64155,0.60589,0.56932,0.53231,0.49498,0.45758,0.42052,0.38383,0.34784,0.31275,0.27871,0.24601,0.21485,0.18526,0.15746,0.13170,0.10805,0.08678,0.06799,0.05151,0.03743,0.02597,0.01664,0.00976,0.00521,0.00249,0.00155,0.00252,0.00500,0.00870,0.01361,0.01908,0.02532,0.03198,0.03880,0.04550
1,3,1,0.17116,0.14850,0.12902,0.11284,0.10017,0.09077,0.08448,0.08143,0.08132,0.08380,0.08888,0.09624,0.10572,0.11708,0.13029,0.14516,0.16153,0.17930,0.19856,0.21945,0.24185,0.26605,0.29184,0.31927,0.34855,0.37949,0.41177,0.44555,0.48066,0.51647,0.55293,0.58956,0.62584,0.66141,0.69567,0.72765,0.75707,0.78348,0.80632,0.82501,0.83904,0.84818,0.85215,0.85076,0.84387,0.83169,0.81412,0.79152,0.76443,0.73320,0.69838,0.66058,0.62074,0.57920,0.53707,0.49509,0.45406,0.41464,0.37762,0.34381,0.31342,0.28736,0.26598,0.24950,0.23830,0.23257,0.23214,0.23697,0.24697,0.26152,0.28034,0.30283,0.32839,0.35617,0.38552,0.41559,0.44546,0.47464,0.50205,0.52700,0.54876,0.56681,0.58065,0.58984,0.59412,0.59318,0.58710,0.57615,0.56031,0.54015,0.51608,0.48847,0.45814,0.42566,0.39181,0.35716,0.32271,0.28877,0.25614,0.22542,0.19695
1,3,2,0.57840,0.58783,0.59321,0.59462,0.59242,0.58662,0.57739,0.56512,0.55001,0.53203,0.51155,0.48876,0.46395,0.43751,0.40969,0.38058,0.35057,0.31996,0.28910,0.25811,0.22714,0.19650,0.16605,0.13611,0.10668,0.07754,0.04841,0.01934,-0.01011,-0.04029,-0.07137,-0.10390,-0.13839,-0.17512,-0.21444,-0.25695,-0.30260,-0.35210,-0.40529,-0.46222,-0.52291,-0.58720,-0.65479,-0.72518,-0.79812,-0.87245,-0.94779,-1.02344,-1.09834,-1.17178,-1.24272,-1.31047,-1.37417,-1.43322,-1.48655,-1.53353,-1.57392,-1.60711,-1.63278,-1.65042,-1.66031,-1.66205,-1.65612,-1.64245,-1.62090,-1.59223,-1.55664,-1.51435,-1.46592,-1.41175,-1.35228,-1.28793,-1.21947,-1.14693,-1.07109,-0.99262,-0.91178,-0.82920,-0.74538,-0.66091,-0.57597,-0.49146,-0.40782,-0.32529,-0.24431,-0.16561,-0.08944,-0.01608,0.05373,0.12007,0.18262,0.24095,0.29493,0.34453,0.38962,0.43009,0.46615,0.49751,0.52432,0.54678,0.56488
1,3,3,0.15220,0.19549,0.23845,0.28037,0.32054,0.35838,0.39349,0.42536,0.45396,0.47926,0.50100,0.51930,0.53432,0.54638,0.55555,0.56249,0.56744,0.57086,0.57343,0.57535,0.57738,0.57988,0.58362,0.58887,0.59597,0.60524,0.61713,0.63197,0.64988,0.67088,0.69531,0.72285,0.75367,0.78771,0.82459,0.86405,0.90585,0.94986,0.99546,1.04241,1.09002,1.13792,1.18544,1.23233,1.27787,1.32147,1.36268,1.40111,1.43614,1.46757,1.49485,1.51749,1.53541,1.54844,1.55604,1.55826,1.55504,1.54609,1.53180,1.51183,1.48646,1.45553,1.41958,1.37850,1.33266,1.28233,1.22754,1.16891,1.10645,1.04073,0.97212,0.90110,0.82802,0.75355,0.67814,0.60252,0.52723,0.45298,0.38025,0.30994,0.24262,0.17886,0.11971,0.06537,0.01660,-0.02596,-0.06196,-0.09124,-0.11328,-0.12819,-0.13593,-0.13652,-0.13023,-0.11743,-0.09838,-0.07381,-0.04436,-0.01057,0.02679,0.06694,0.10904
1,3,4,0.81345,0.68853,0.56254,0.43656,0.31147,0.18864,0.06933,-0.04568,-0.15505,-0.25780,-0.35284,-0.43918,-0.51590,-0.58246,-0.63827,-0.68281,-0.71546,-0.73602,-0.74462,-0.74127,-0.72618,-0.69970,-0.66214,-0.61422,-0.55680,-0.49065,-0.41666,-0.33566,-0.24868,-0.15685,-0.06117,0.03724,0.13763,0.23898,0.34058,0.44140,0.54076,0.63807,0.73273,0.82448,0.91250,0.99682,1.07700,1.15311,1.22486,1.29215,1.35481,1.41275,1.46627,1.51506,1.55931,1.59919,1.63474,1.66616,1.69367,1.71739,1.73743,1.75427,1.76834,1.77965,1.78895,1.79672,1.80324,1.80919,1.81476,1.82059,1.82694,1.83434,1.84290,1.85293,1.86453,1.87796,1.89310,1.90953,1.92709,1.94540,1.96402,1.98231,1.99963,2.01503,2.02804,2.03764,2.04320,2.04394,2.03913,2.02781,2.00974,1.98426,1.95072,1.90918,1.85912,1.80056,1.73358,1.65846,1.57519,1.48429,1.38632,1.28176,1.17141,1.05582,0.93626
1,3,5,1.33828,1.35554,1.37109,1.38444,1.39568,1.40475,1.41120,1.41538,1.41693,1.41595,1.41246,1.40685,1.39915,1.38936,1.37784,1.36481,1.35044,1.33519,1.31955,1.30347,1.28729,1.27153,1.25646,1.24248,1.22967,1.21812,1.20781,1.19917,1.19207,1.18651,1.18225,1.17903,1.17697,1.17550,1.17444,1.17341,1.17200,1.16972,1.16642,1.16168,1.15522,1.14681,1.13630,1.12334,1.10803,1.09029,1.07035,1.04836,1.02423,0.99860,0.97169,0.94405,0.91606,0.88840,0.86127,0.83505,0.81041,0.78760,0.76688,0.74879,0.73339,0.72060,0.71070,0.70392,0.70002,0.69898,0.70071,0.70451,0.71066,0.71876,0.72860,0.73988,0.75243,0.76603,0.78046,0.79581,0.81154,0.82795,0.84473,0.86180,0.87949,0.89752,0.91609,0.93528,0.95511,0.97541,0.99642,1.01811,1.04011,1.06290,1.08630,1.10998,1.13418,1.15859,1.18312,1.20744,1.23155,1.25485,1.27734,1.29912,1.31938
1,3,6,1.31896,1.35689,1.39312,1.42797,1.46136,1.49345,1.52474,1.55473,1.58358,1.61098,1.63661,1.66045,1.68184,1.70056,1.71568,1.72727,1.73442,1.73696,1.73430,1.72598,1.71227,1.69255,1.66704,1.63557,1.59863,1.55616,1.50914,1.45774,1.40235,1.34396,1.28339,1.22117,1.15817,1.09517,1.03280,0.97184,0.91288,0.85628,0.80219,0.75120,0.70325,0.65851,0.61667,0.57759,0.54099,0.50661,0.47411,0.44272,0.41222,0.38184,0.35139,0.32033,0.28830,0.25513,0.22057,0.18475,0.14738,0.10910,0.06984,0.03012,-0.00974,-0.04916,-0.08753,-0.12440,-0.15874,-0.19023,-0.21780,-0.24103,-0.25920,-0.27181,-0.27836,-0.27834,-0.27171,-0.25811,-0.23764,-0.21010,-0.17585,-0.13510,-0.08835,-0.03585,0.02173,0.08388,0.14971,0.21874,0.29022,0.36311,0.43713,0.51112,0.58464,0.65681,0.72740,0.79562,0.86137,0.92425,0.98404,1.04075,1.09417,1.14463,1.19222,1.23690,1.27904
1,4,0,1.11522,1.06744,1.01646,0.96333,0.90894,0.85405,0.79997,0.74747,0.69764,0.65155,0.61017,0.57408,0.54436,0.52122,0.50545,0.49721,0.49676,0.50379,0.51833,0.53993,0.56794,0.60194,0.64076,0.68385,0.72979,0.77777,0.82636,0.87461,0.92134,0.96565,1.00615,1.04208,1.07266,1.09713,1.11509,1.12600,1.12982,1.12624,1.11576,1.09861,1.07526,1.04606,1.01172,0.97327,0.93140,0.88720,0.84143,0.79496,0.74899,0.70441,0.66213,0.62264,0.58680,0.55516,0.52802,0.50602,0.48896,0.47720,0.47069,0.46945,0.47321,0.48161,0.49448,0.51121,0.53149,0.55505,0.58118,0.60944,0.63963,0.67152,0.70451,0.73855,0.77333,0.80848,0.84402,0.87989,0.91578,0.95148,0.98709,1.02226,1.05706,1.09105,1.12415,1.15587,1.18610,1.21456,1.24080,1.26437,1.28464,1.30148,1.31433,1.32284,1.32646,1.32490,1.31788,1.30521,1.28702,1.26306,1.23358,1.19887,1.15923
1,4,1,-0.12856,-0.23387,-0.33329,-0.42572,-0.51012,-0.58577,-0.65221,-0.70909,-0.75634,-0.79430,-0.82278,-0.84271,-0.85478,-0.85996,-0.85899,-0.85334,-0.84392,-0.83215,-0.81953,-0.80724,-0.79642,-0.78868,-0.78491,-0.78596,-0.79301,-0.80637,-0.82672,-0.85441,-0.88938,-0.93140,-0.98057,-1.03631,-1.09787,-1.16443,-1.23486,-1.30797,-1.38288,-1.45828,-1.53265,-1.60486,-1.67375,-1.73806,-1.79649,-1.84803,-1.89155,-1.92617,-1.95137,-1.96650,-1.97081,-1.96423,-1.94662,-1.91803,-1.87838,-1.82800,-1.76689,-1.69577,-1.61529,-1.52559,-1.42757,-1.32170,-1.20893,-1.09005,-0.96601,-0.83717,-0.70478,-0.56986,-0.43298,-0.29519,-0.15733,-0.02058,0.11423,0.24597,0.37386,0.49665,0.61335,0.72307,0.82467,0.91748,1.00035,1.07246,1.13306,1.18160,1.21741,1.24008,1.24947,1.24533,1.22773,1.19687,1.15313,1.09712,1.02972,0.95143,0.86360,0.76782,0.66471,0.55592,0.44326,0.32789,0.21152,0.09583,-0.01798
1,4,2,0.03122,0.10701,0.18142,0.25402,0.32417,0.39183,0.45625,0.51731,0.57454,0.62757,0.67623,0.72053,0.75994,0.79413,0.82313,0.84672,0.86477,0.87686,0.88295,0.88255,0.87569,0.86234,0.84195,0.81452,0.78000,0.73838,0.68943,0.63348,0.57063,0.50076,0.42481,0.34293,0.25567,0.16369,0.06796,-0.03087,-0.13188,-0.23392,-0.33611,-0.43723,-0.53640,-0.63228,-0.72419,-0.81111,-0.89203,-0.96653,-1.03377,-1.09348,-1.14490,-1.18843,-1.22369,-1.25099,-1.27040,-1.28248,-1.28770,-1.28675,-1.28054,-1.26938,-1.25441,-1.23635,-1.21640,-1.19484,-1.17288,-1.15092,-1.12969,-1.10979,-1.09164,-1.07537,-1.06104,-1.04916,-1.03947,-1.03179,-1.02606,-1.02184,-1.01867,-1.01642,-1.01446,-1.01202,-1.00873,-1.00407,-0.99733,-0.98799,-0.97575,-0.95975,-0.93999,-0.91583,-0.88690,-0.85322,-0.81463,-0.77134,-0.72301,-0.67025,-0.61280,-0.55125,-0.48621,-0.41775,-0.34658,-0.27297,-0.19792,-0.12161,-0.04507
1,4,3,-1.31099,-1.25545,-1.19924,-1.14270,-1.08641,-1.03059,-0.97542,-0.92144,-0.86897,-0.81796,-0.76858,-0.72127,-0.67575,-0.63205,-0.59044,-0.55032,-0.51172,-0.47441,-0.43834,-0.40278,-0.36768,-0.33304,-0.29822,-0.26337,-0.22797,-0.19239,-0.15592,-0.11896,-0.08180,-0.04430,-0.00683,0.03009,0.06597,0.10041,0.13244,0.16179,0.18757,0.20881,0.22471,0.23476,0.23782,0.23375,0.22169,0.20107,0.17180,0.13359,0.08660,0.03055,-0.03393,-0.10682,-0.18725,-0.27457,-0.36786,-0.46606,-0.56829,-0.67335,-0.78000,-0.88716,-0.99369,-1.09834,-1.20008,-1.29806,-1.39134,-1.47902,-1.56082,-1.63588,-1.70397,-1.76519,-1.81927,-1.86616,-1.90613,-1.93932,-1.96610,-1.98709,-2.00257,-2.01291,-2.01886,-2.02090,-2.01925,-2.01446,-2.00669,-1.99636,-1.98370,-1.96864,-1.95152,-1.93221,-1.91082,-1.88734,-1.86158,-1.83355,-1.80320,-1.77042,-1.73499,-1.69704,-1.65657,-1.61355,-1.56819,-1.52045,-1.47053,-1.41887,-1.36561
1,4,4,0.65859,0.67520,0.68872,0.69882,0.70521,0.70800,0.70720,0.70252,0.69395,0.68144,0.66498,0.64465,0.62053,0.59255,0.56089,0.52554,0.48689,0.44518,0.40044,0.35280,0.30285,0.25094,0.19695,0.14173,0.08517,0.02777,-0.03021,-0.08815,-0.14585,-0.20285,-0.25883,-0.31375,-0.36692,-0.41813,-0.46717,-0.51374,-0.55794,-0.59926,-0.63742,-0.67227,-0.70401,-0.73235,-0.75737,-0.77872,-0.79640,-0.81079,-0.82169,-0.82903,-0.83298,-0.83368,-0.83108,-0.82568,-0.81746,-0.80640,-0.79309,-0.77752,-0.75987,-0.74041,-0.71937,-0.69706,-0.67354,-0.64891,-0.62343,-0.59751,-0.57099,-0.54409,-0.51687,-0.48944,-0.46168,-0.43380,-0.40536,-0.37643,-0.34719,-0.31750,-0.28707,-0.25590,-0.22399,-0.19099,-0.15717,-0.12241,-0.08649,-0.04945,-0.01137,0.02760,0.06723,0.10732,0.14799,0.18904,0.23009,0.27092,0.31129,0.35112,0.39008,0.42793,0.46436,0.49894,0.53163,0.56230,0.59045,0.61597,0.63875
1,4,5,-0.16926,-0.07649,0.01574,0.10625,0.19446,0.27964,0.36083,0.43706,0.50771,0.57211,0.62919,0.67832,0.71868,0.74951,0.77038,0.78085,0.78023,0.76816,0.74467,0.70966,0.66280,0.60442,0.53469,0.45403,0.36305,0.26248,0.15291,0.03521,-0.08915,-0.21932,-0.35409,-0.49222,-0.63231,-0.77302,-0.91307,-1.05073,-1.18529,-1.31517,-1.43909,-1.55605,-1.66484,-1.76480,-1.85512,-1.93502,-2.00393,-2.06160,-2.10794,-2.14295,-2.16679,-2.17969,-2.18195,-2.17440,-2.15765,-2.13246,-2.09971,-2.06034,-2.01546,-1.96620,-1.91370,-1.85889,-1.80286,-1.74698,-1.69202,-1.63886,-1.58820,-1.54082,-1.49733,-1.45828,-1.42380,-1.39394,-1.36874,-1.34818,-1.33210,-1.31986,-1.31091,-1.30470,-1.30056,-1.29768,-1.29544,-1.29274,-1.28876,-1.28261,-1.27383,-1.26148,-1.24506,-1.22349,-1.19680,-1.16468,-1.12672,-1.08268,-1.03250,-0.97656,-0.91461,-0.84742,-0.77500,-0.69788,-0.61659,-0.53180,-0.44401,-0.35376,-0.26194
1,4,6,-0.25699,-0.33867,-0.42565,-0.51667,-0.61061,-0.70634,-0.80255,-0.89803,-0.99153,-1.08187,-1.16765,-1.24829,-1.32251,-1.38940,-1.44849,-1.49896,-1.54030,-1.57219,-1.59453,-1.60681,-1.60935,-1.60231,-1.58566,-1.56012,-1.52615,-1.48407,-1.43436,-1.37817,-1.31615,-1.24893,-1.17771,-1.10305,-1.02596,-0.94765,-0.86901,-0.79063,-0.71372,-0.63925,-0.56810,-0.50132,-0.43955,-0.38336,-0.33369,-0.29117,-0.25599,-0.22855,-0.20911,-0.19773,-0.19458,-0.19970,-0.21243,-0.23231,-0.25886,-0.29160,-0.32944,-0.37179,-0.41738,-0.46516,-0.51409,-0.56331,-0.61169,-0.65768,-0.70070,-0.73942,-0.77312,-0.80111,-0.82269,-0.83694,-0.84341,-0.84226,-0.83308,-0.81607,-0.79152,-0.75950,-0.72081,-0.67596,-0.62573,-0.57082,-0.51208,-0.45066,-0.38745,-0.32379,-0.26050,-0.19899,-0.14012,-0.08499,-0.03462,0.01004,0.04789,0.07856,0.10104,0.11506,0.11989,0.11512,0.10075,0.07668,0.04312,0.00002,-0.05213,-0.11296,-0.18151
2,0,0,1.18164,1.21291,1.24328,1.27212,1.29895,1.32388,1.34590,1.36479,1.38000,1.39135,1.39821,1.40010,1.39679,1.38777,1.37311,1.35250,1.32551,1.29234,1.25324,1.20843,1.15823,1.10298,1.04341,0.98019,0.91441,0.84681,0.77851,0.71060,0.64411,0.58034,0.52021,0.46468,0.41473,0.37150,0.33521,0.30656,0.28618,0.27393,0.26990,0.27388,0.28569,0.30439,0.32954,0.36056,0.39609,0.43554,0.47788,0.52203,0.56703,0.61196,0.65588,0.69814,0.73800,0.77473,0.80790,0.83722,0.86245,0.88361,0.90038,0.91287,0.92148,0.92637,0.92766,0.92587,0.92111,0.91399,0.90489,0.89412,0.88202,0.86903,0.85562,0.84199,0.82859,0.81555,0.80343,0.79218,0.78224,0.77386,0.76680,0.76172,0.75876,0.75788,0.75927,0.76307,0.76934,0.77802,0.78925,0.80276,0.81876,0.83722,0.85793,0.88083,0.90559,0.93219,0.96065,0.99021,1.02089,1.05264,1.08475,1.11704,1.14945
2,0,1,-0.02481,-0.02261,-0.02663,-0.03735,-0.05474,-0.07872,-0.10897,-0.14546,-0.18765,-0.23505,-0.28708,-0.34286,-0.40181,-0.46274,-0.52507,-0.58764,-0.64964,-0.70974,-0.76752,-0.82171,-0.87141,-0.91617,-0.95492,-0.98731,-1.01254,-1.03048,-1.04041,-1.04231,-1.03631,-1.02211,-0.99987,-0.96956,-0.93190,-0.88711,-0.83560,-0.77821,-0.71519,-0.64754,-0.57582,-0.50106,-0.42398,-0.34544,-0.26625,-0.18752,-0.10999,-0.03475,0.03713,0.10514,0.16854,0.22633,0.27792,0.32288,0.36048,0.39052,0.41255,0.42641,0.43208,0.42965,0.41903,0.40093,0.37538,0.34316,0.30471,0.26082,0.21213,0.15967,0.10425,0.04679,-0.01143,-0.07012,-0.12781,-0.18384,-0.23751,-0.28777,-0.33381,-0.37544,-0.41184,-0.44224,-0.46685,-0.48543,-0.49740,-0.50327,-0.50311,-0.49677,-0.48512,-0.46829,-0.44661,-0.42084,-0.39154,-0.35930,-0.32505,-0.28929,-0.25283,-0.21668,-0.18155,-0.14810,-0.11736,-0.08975,-0.06598,-0.04706,-0.03318
2,0,2,0.31834,0.38113,0.44287,0.50317,0.56180,0.61841,0.67288,0.72493,0.77415,0.82027,0.86289,0.90171,0.93612,0.96576,0.99004,1.00862,1.02084,1.02665,1.02540,1.01682,1.00079,0.97691,0.94532,0.90581,0.85880,0.80413,0.74250,0.67397,0.59931,0.51912,0.43391,0.34465,0.25194,0.15656,0.05954,-0.03836,-0.13650,-0.23383,-0.32988,-0.42386,-0.51524,-0.60318,-0.68763,-0.76756,-0.84300,-0.91356,-0.97897,-1.03896,-1.09354,-1.14261,-1.18586,-1.22375,-1.25599,-1.28295,-1.30445,-1.32113,-1.33258,-1.33939,-1.34181,-1.34009,-1.33441,-1.32519,-1.31295,-1.29773,-1.28023,-1.26066,-1.23948,-1.21669,-1.19278,-1.16784,-1.14205,-1.11564,-1.08865,-1.06112,-1.03279,-1.00383,-0.97415,-0.94351,-0.91156,-0.87844,-0.84366,-0.80710,-0.76851,-0.72775,-0.68465,-0.63923,-0.59157,-0.54136,-0.48884,-0.43416,-0.37747,-0.31871,-0.25837,-0.19644,-0.13328,-0.06927,-0.00474,0.06025,0.12530,0.19009,0.25455
2,0,3,-0.65424,-0.71382,-0.76716,-0.81357,-0.85258,-0.88354,-0.90649,-0.92104,-0.92681,-0.92384,-0.91221,-0.89213,-0.86407,-0.82830,-0.78534,-0.73604,-0.68111,-0.62141,-0.55800,-0.49202,-0.42418,-0.35557,-0.28718,-0.22001,-0.15493,-0.09254,-0.03359,0.02151,0.07234,0.11862,0.16039,0.19777,0.23121,0.26101,0.28797,0.31266,0.33594,0.35860,0.38179,0.40619,0.43257,0.46193,0.49501,0.53246,0.57468,0.62200,0.67427,0.73182,0.79437,0.86113,0.93179,1.00540,1.08115,1.15806,1.23510,1.31108,1.38460,1.45504,1.52098,1.58134,1.63535,1.68221,1.72108,1.75161,1.77345,1.78620,1.79001,1.78516,1.77132,1.74921,1.71932,1.68194,1.63775,1.58719,1.53107,1.47001,1.40449,1.33490,1.26198,1.18617,1.10778,1.02725,0.94461,0.86056,0.77524,0.68861,0.60094,0.51238,0.42310,0.33348,0.24358,0.15338,0.06370,-0.02517,-0.11313,-0.19950,-0.28371,-0.36539,-0.44400,-0.51871,-0.58895
2,0,4,1.36373,1.38780,1.41435,1.44340,1.47452,1.50720,1.54113,1.57597,1.61084,1.64525,1.67862,1.71005,1.73930,1.76556,1.78806,1.80635,1.82007,1.82873,1.83200,1.82971,1.82134,1.80687,1.78634,1.75965,1.72704,1.68851,1.64432,1.59481,1.54044,1.48172,1.41903,1.35295,1.28389,1.21256,1.13953,1.06527,0.99061,0.91579,0.84131,0.76788,0.69595,0.62560,0.55730,0.49149,0.42823,0.36789,0.31069,0.25656,0.20567,0.15857,0.11511,0.07548,0.03984,0.00850,-0.01816,-0.04016,-0.05714,-0.06873,-0.07481,-0.07515,-0.06951,-0.05768,-0.03968,-0.01529,0.01537,0.05191,0.09433,0.14218,0.19491,0.25190,0.31256,0.37618,0.44195,0.50902,0.57661,0.64371,0.70961,0.77342,0.83436,0.89189,0.94536,0.99440,1.03865,1.07817,1.11273,1.14266,1.16788,1.18890,1.20618,1.22023,1.23169,1.24128,1.24953,1.25712,1.26486,1.27333,1.28300,1.29436,1.30788,1.32380,1.34239
2,0,5,-0.97768,-0.96613,-0.96119,-0.96216,-0.96832,-0.97802,-0.99019,-1.00352,-1.01672,-1.02862,-1.03770,-1.04300,-1.04335,-1.03817,-1.02657,-1.00840,-0.98326,-0.95100,-0.91248,-0.86790,-0.81810,-0.76413,-0.70717,-0.64827,-0.58892,-0.53066,-0.47477,-0.42274,-0.37598,-0.33583,-0.30327,-0.27963,-0.26540,-0.26129,-0.26762,-0.28464,-0.31211,-0.34988,-0.39727,-0.45377,-0.51867,-0.59091,-0.66931,-0.75285,-0.84060,-0.93102,-1.02343,-1.11650,-1.20936,-1.30105,-1.39092,-1.47807,-1.56198,-1.64248,-1.71912,-1.79152,-1.85997,-1.92429,-1.98458,-2.04101,-2.09361,-2.14273,-2.18832,-2.23073,-2.26986,-2.30590,-2.33878,-2.36827,-2.39427,-2.41648,-2.43478,-2.44857,-2.45756,-2.46135,-2.45941,-2.45135,-2.43690,-2.41552,-2.38701,-2.35148,-2.30869,-2.25879,-2.20204,-2.13899,-2.07016,-1.99622,-1.91809,-1.83676,-1.75324,-1.66893,-1.58495,-1.50251,-1.42246,-1.34651,-1.27550,-1.21048,-1.15238,-1.10143,-1.05837,-1.02344,-0.99670
2,0,6,0.56864,0.56410,0.55796,0.55017,0.54110,0.53109,0.52057,0.50966,0.49879,0.48809,0.47792,0.46853,0.46008,0.45274,0.44668,0.44208,0.43859,0.43645,0.43553,0.43584,0.43715,0.43943,0.44227,0.44565,0.44946,0.45338,0.45724,0.46080,0.46409,0.46666,0.46870,0.47006,0.47083,0.47089,0.47007,0.46866,0.46664,0.46432,0.46168,0.45880,0.45617,0.45376,0.45206,0.45105,0.45075,0.45167,0.45400,0.45764,0.46251,0.46909,0.47706,0.48645,0.49715,0.50888,0.52146,0.53484,0.54872,0.56249,0.57602,0.58885,0.60084,0.61166,0.62071,0.62808,0.63328,0.63637,0.63693,0.63535,0.63134,0.62499,0.61684,0.60679,0.59521,0.58251,0.56914,0.55532,0.54153,0.52824,0.51592,0.50494,0.49569,0.48817,0.48279,0.47969,0.47863,0.47990,0.48311,0.48818,0.49491,0.50285,0.51189,0.52138,0.53110,0.54031,0.54892,0.55655,0.56288,0.56790,0.57089,0.57198,0.57126
2,1,0,0.38334,0.43173,0.47363,0.50872,0.53684,0.55814,0.57277,0.58086,0.58284,0.57909,0.57033,0.55707,0.54004,0.51971,0.49667,0.47180,0.44553,0.41837,0.39084,0.36320,0.33583,0.30908,0.28295,0.25783,0.23349,0.21006,0.18760,0.16594,0.14507,0.12469,0.10501,0.08571,0.06691,0.04861,0.03074,0.01360,-0.00282,-0.01839,-0.03271,-0.04594,-0.05744,-0.06717,-0.07484,-0.08016,-0.08297,-0.08313,-0.08075,-0.07559,-0.06797,-0.05780,-0.04553,-0.03162,-0.01657,-0.00054,0.01569,0.03144,0.04602,0.05864,0.06874,0.07555,0.07863,0.07710,0.07049,0.05883,0.04163,0.01896,-0.00919,-0.04254,-0.08082,-0.12308,-0.16867,-0.21718,-0.26714,-0.31776,-0.36751,-0.41552,-0.46070,-0.50201,-0.53811,-0.56772,-0.59033,-0.60523,-0.61195,-0.60973,-0.59837,-0.57823,-0.54935,-0.51217,-0.46721,-0.41497,-0.35641,-0.29262,-0.22464,-0.15356,-0.08064,-0.00729,0.06565,0.13674,0.20501,0.26942,0.32909
2,1,1,1.57538,1.63099,1.68430,1.73473,1.78189,1.82498,1.86331,1.89622,1.92307,1.94313,1.95568,1.95992,1.95536,1.94162,1.91841,1.88489,1.84151,1.78794,1.72425,1.65083,1.56790,1.47613,1.37627,1.26944,1.15613,1.03782,0.91566,0.79084,0.66459,0.53838,0.41340,0.29094,0.17244,0.05885,-0.04884,-0.14962,-0.24272,-0.32783,-0.40445,-0.47211,-0.53103,-0.58113,-0.62275,-0.65607,-0.68165,-0.69991,-0.71143,-0.71708,-0.71763,-0.71346,-0.70524,-0.69370,-0.67956,-0.66325,-0.64533,-0.62591,-0.60518,-0.58362,-0.56147,-0.53841,-0.51457,-0.49004,-0.46429,-0.43756,-0.40962,-0.38018,-0.34901,-0.31617,-0.28139,-0.24441,-0.20557,-0.16454,-0.12131,-0.07603,-0.02872,0.02059,0.07184,0.12481,0.17944,0.23555,0.29285,0.35126,0.41074,0.47069,0.53131,0.59227,0.65385,0.71568,0.77784,0.84004,0.90222,0.96469,1.02714,1.08961,1.15176,1.21392,1.27583,1.33745,1.39850,1.45862,1.51776
2,1,2,1.80986,1.81010,1.80683,1.80029,1.79019,1.77693,1.76050,1.74063,1.71781,1.69201,1.66352,1.63248,1.59922,1.56399,1.52695,1.48862,1.44912,1.40877,1.36799,1.32698,1.28633,1.24615,1.20674,1.16865,1.13201,1.09704,1.06407,1.03329,1.00481,0.97906,0.95583,0.93544,0.91802,0.90340,0.89154,0.88246,0.87600,0.87193,0.87036,0.87061,0.87251,0.87600,0.88057,0.88583,0.89180,0.89772,0.90365,0.90922,0.91414,0.91815,0.92103,0.92265,0.92281,0.92184,0.91948,0.91610,0.91171,0.90652,0.90077,0.89494,0.88912,0.88366,0.87895,0.87536,0.87340,0.87338,0.87547,0.87996,0.88712,0.89720,0.91028,0.92628,0.94558,0.96795,0.99345,1.02185,1.05295,1.08656,1.12243,1.16016,1.19919,1.23950,1.28085,1.32245,1.36417,1.40568,1.44641,1.48629,1.52495,1.56206,1.59715,1.63052,1.66143,1.68979,1.71561,1.73858,1.75856,1.77543,1.78898,1.79918,1.80626
2,1,3,0.96506,0.88479,0.80661,0.73207,0.66212,0.59793,0.54018,0.48983,0.44740,0.41331,0.38794,0.37087,0.36215,0.36137,0.36793,0.38111,0.39981,0.42292,0.44918,0.47726,0.50590,0.53351,0.55895,0.58044,0.59692,0.60709,0.60985,0.60450,0.59013,0.56594,0.53189,0.48768,0.43333,0.36917,0.29583,0.21369,0.12376,0.02741,-0.07455,-0.18048,-0.28891,-0.39836,-0.50745,-0.61431,-0.71733,-0.81520,-0.90625,-0.98916,-1.06271,-1.12565,-1.17714,-1.21656,-1.24308,-1.25630,-1.25614,-1.24250,-1.21554,-1.17546,-1.12295,-1.05848,-0.98299,-0.89721,-0.80198,-0.69843,-0.58776,-0.47106,-0.34910,-0.22338,-0.09497,0.03522,0.16580,0.29593,0.42472,0.55119,0.67425,0.79323,0.90714,1.01515,1.11678,1.21126,1.29779,1.37593,1.44503,1.50463,1.55442,1.59381,1.62270,1.64081,1.64819,1.64468,1.63074,1.60653,1.57258,1.52945,1.47783,1.41857,1.35275,1.28141,1.20564,1.12689,1.04615
2,1,4,0.28964,0.23423,0.17355,0.10799,0.03773,-0.03634,-0.11379,-0.19397,-0.27614,-0.35928,-0.44273,-0.52538,-0.60648,-0.68528,-0.76088,-0.83268,-0.89970,-0.96153,-1.01797,-1.06859,-1.11335,-1.15197,-1.18476,-1.21179,-1.23356,-1.25045,-1.26280,-1.27128,-1.27634,-1.27874,-1.27899,-1.27761,-1.27505,-1.27180,-1.26818,-1.26435,-1.26062,-1.25687,-1.25310,-1.24931,-1.24500,-1.24000,-1.23382,-1.22632,-1.21680,-1.20495,-1.19040,-1.17274,-1.15173,-1.12707,-1.09847,-1.06580,-1.02925,-0.98875,-0.94426,-0.89604,-0.84460,-0.79007,-0.73298,-0.67377,-0.61287,-0.55071,-0.48783,-0.42486,-0.36210,-0.29995,-0.23891,-0.17935,-0.12157,-0.06578,-0.01225,0.03891,0.08757,0.13367,0.17705,0.21817,0.25659,0.29251,0.32610,0.35731,0.38619,0.41287,0.43745,0.45949,0.47950,0.49699,0.51211,0.52475,0.53466,0.54152,0.54521,0.54541,0.54174,0.53392,0.52162,0.50468,0.48244,0.45509,0.42209,0.38352,0.33939
2,1,5,-2.20668,-2.16221,-2.11107,-2.05349,-1.99076,-1.92355,-1.85262,-1.77888,-1.70309,-1.62614,-1.54855,-1.47148,-1.39533,-1.32063,-1.24806,-1.17781,-1.11027,-1.04586,-0.98483,-0.92699,-0.87240,-0.82099,-0.77296,-0.72782,-0.68548,-0.64555,-0.60775,-0.57184,-0.53772,-0.50515,-0.47343,-0.44280,-0.41297,-0.38382,-0.35511,-0.32669,-0.29855,-0.27054,-0.24273,-0.21509,-0.18766,-0.16047,-0.13371,-0.10748,-0.08169,-0.05684,-0.03299,-0.01004,0.01166,0.03169,0.05010,0.06626,0.08028,0.09174,0.10037,0.10568,0.10760,0.10581,0.09997,0.09009,0.07535,0.05596,0.03144,0.00179,-0.03329,-0.07381,-0.12005,-0.17198,-0.22934,-0.29242,-0.36071,-0.43444,-0.51297,-0.59615,-0.68359,-0.77484,-0.86935,-0.96637,-1.06543,-1.16584,-1.26687,-1.36758,-1.46711,-1.56475,-1.65956,-1.75072,-1.83752,-1.91872,-1.99391,-2.06234,-2.12336,-2.17620,-2.22062,-2.25606,-2.28219,-2.29888,-2.30629,-2.30421,-2.29282,-2.27249,-2.24355
2,1,6,-2.02568,-2.01972,-2.00916,-1.99464,-1.97643,-1.95547,-1.93234,-1.90725,-1.88085,-1.85369,-1.82591,-1.79777,-1.76960,-1.74130,-1.71287,-1.68435,-1.65560,-1.62616,-1.59592,-1.56467,-1.53221,-1.49792,-1.46184,-1.42364,-1.38306,-1.33992,-1.29429,-1.24621,-1.19567,-1.14315,-1.08871,-1.03273,-0.97565,-0.91813,-0.86061,-0.80361,-0.74791,-0.69421,-0.64284,-0.59453,-0.55007,-0.50963,-0.47380,-0.44293,-0.41726,-0.39672,-0.38173,-0.37225,-0.36769,-0.36825,-0.37319,-0.38214,-0.39474,-0.41043,-0.42845,-0.44826,-0.46939,-0.49103,-0.51287,-0.53442,-0.55527,-0.57501,-0.59371,-0.61094,-0.62703,-0.64225,-0.65663,-0.67084,-0.68508,-0.69997,-0.71622,-0.73443,-0.75514,-0.77875,-0.80596,-0.83705,-0.87255,-0.91267,-0.95722,-1.00627,-1.05977,-1.11715,-1.17792,-1.24176,-1.30789,-1.37540,-1.44339,-1.51133,-1.57775,-1.64221,-1.70365,-1.76117,-1.81405,-1.86193,-1.90410,-1.94011,-1.97002,-1.99359,-2.01084,-2.02156,-2.02645
2,2,0,0.07469,0.10713,0.13991,0.17323,0.20726,0.24215,0.27796,0.31460,0.35225,0.39094,0.43061,0.47134,0.51277,0.55473,0.59713,0.63980,0.68215,0.72361,0.76383,0.80223,0.83867,0.87226,0.90270,0.92924,0.95144,0.96918,0.98167,0.98868,0.98981,0.98498,0.97397,0.95679,0.93358,0.90441,0.86977,0.82964,0.78466,0.73549,0.68211,0.62578,0.56699,0.50619,0.44442,0.38242,0.32089,0.26018,0.20166,0.14501,0.09128,0.04094,-0.00594,-0.04891,-0.08806,-0.12306,-0.15410,-0.18092,-0.20428,-0.22402,-0.24075,-0.25472,-0.26610,-0.27556,-0.28356,-0.29061,-0.29664,-0.30256,-0.30797,-0.31364,-0.31958,-0.32585,-0.33243,-0.33934,-0.34653,-0.35366,-0.36077,-0.36732,-0.37322,-0.37799,-0.38153,-0.38339,-0.38342,-0.38131,-0.37671,-0.36968,-0.36007,-0.34813,-0.33355,-0.31643,-0.29705,-0.27542,-0.25199,-0.22678,-0.20017,-0.17207,-0.14310,-0.11334,-0.08285,-0.05199,-0.02073,0.01077,0.04266
2,2,1,-1.18722,-1.13061,-1.06902,-1.00290,-0.93176,-0.85646,-0.77676,-0.69309,-0.60537,-0.51390,-0.41923,-0.32129,-0.22075,-0.11751,-0.01237,0.09446,0.20216,0.31047,0.41892,0.52676,0.63369,0.73886,0.84171,0.94183,1.03871,1.13160,1.21991,1.30345,1.38162,1.45412,1.52079,1.58111,1.63478,1.68171,1.72194,1.75500,1.78118,1.80017,1.81207,1.81696,1.81506,1.80641,1.79100,1.76915,1.74109,1.70699,1.66697,1.62137,1.57052,1.51459,1.45401,1.38904,1.31980,1.24689,1.17073,1.09122,1.00886,0.92391,0.83666,0.74732,0.65638,0.56417,0.47066,0.37648,0.28151,0.18641,0.09123,-0.00373,-0.09842,-0.19244,-0.28548,-0.37723,-0.46722,-0.55546,-0.64159,-0.72502,-0.80549,-0.88277,-0.95627,-1.02592,-1.09130,-1.15196,-1.20765,-1.25847,-1.30388,-1.34375,-1.37790,-1.40620,-1.42861,-1.44498,-1.45538,-1.45964,-1.45791,-1.45041,-1.43716,-1.41801,-1.39303,-1.36273,-1.32680,-1.28548,-1.23899
2,2,2,0.37391,0.37020,0.37335,0.38306,0.39895,0.42049,0.44683,0.47722,0.51068,0.54648,0.58341,0.62061,0.65711,0.69213,0.72489,0.75469,0.78144,0.80435,0.82325,0.83825,0.84936,0.85658,0.86015,0.86052,0.85778,0.85252,0.84530,0.83604,0.82524,0.81334,0.80059,0.78698,0.77262,0.75777,0.74197,0.72538,0.70802,0.68930,0.66921,0.64783,0.62480,0.59995,0.57367,0.54570,0.51589,0.48489,0.45282,0.41980,0.38652,0.35346,0.32097,0.28998,0.26089,0.23449,0.21121,0.19192,0.17713,0.16734,0.16306,0.16444,0.17199,0.18544,0.20524,0.23093,0.26235,0.29905,0.34070,0.38663,0.43590,0.48802,0.54172,0.59624,0.65053,0.70375,0.75444,0.80207,0.84544,0.88366,0.91600,0.94190,0.96071,0.97195,0.97571,0.97165,0.96008,0.94123,0.91572,0.88422,0.84753,0.80644,0.76202,0.71551,0.66803,0.62072,0.57471,0.53114,0.49121,0.45586,0.42592,0.40190,0.38453
2,2,3,-2.11061,-2.02334,-1.93284,-1.84006,-1.74554,-1.65018,-1.55437,-1.45822,-1.36221,-1.26649,-1.17119,-1.07652,-0.98198,-0.88759,-0.79326,-0.69893,-0.60406,-0.50855,-0.41216,-0.31469,-0.21611,-0.11626,-0.01523,0.08717,0.19041,0.29436,0.39841,0.50223,0.60503,0.70654,0.80577,0.90180,0.99416,1.08173,1.16392,1.24007,1.30905,1.37025,1.42321,1.46759,1.50265,1.52865,1.54484,1.55139,1.54858,1.53642,1.51540,1.48562,1.44773,1.40202,1.34930,1.28994,1.22452,1.15344,1.07716,0.99616,0.91108,0.82183,0.72896,0.63241,0.53245,0.42903,0.32213,0.21205,0.09840,-0.01870,-0.13909,-0.26266,-0.38944,-0.51905,-0.65119,-0.78544,-0.92126,-1.05792,-1.19485,-1.33104,-1.46543,-1.59707,-1.72495,-1.84806,-1.96541,-2.07555,-2.17794,-2.27145,-2.35538,-2.42875,-2.49103,-2.54156,-2.58011,-2.60679,-2.62119,-2.62371,-2.61438,-2.59396,-2.56277,-2.52175,-2.47125,-2.41237,-2.34606,-2.27287,-2.19411
2,2,4,-0.09350,-0.09657,-0.09496,-0.08881,-0.07818,-0.06336,-0.04463,-0.02232,0.00321,0.03123,0.06107,0.09237,0.12426,0.15634,0.18774,0.21776,0.24574,0.27131,0.29395,0.31314,0.32873,0.34025,0.34773,0.35133,0.35095,0.34707,0.33994,0.33010,0.31793,0.30445,0.29006,0.27567,0.26191,0.24946,0.23920,0.23164,0.22732,0.22674,0.23054,0.23869,0.25164,0.26933,0.29157,0.31828,0.34904,0.38361,0.42131,0.46152,0.50384,0.54760,0.59195,0.63653,0.68063,0.72345,0.76443,0.80330,0.83923,0.87172,0.90090,0.92618,0.94749,0.96470,0.97776,0.98671,0.99151,0.99254,0.98959,0.98304,0.97282,0.95929,0.94283,0.92340,0.90133,0.87640,0.84903,0.81942,0.78775,0.75399,0.71827,0.68066,0.64150,0.60090,0.55906,0.51596,0.47204,0.42748,0.38251,0.33752,0.29270,0.24863,0.20546,0.16387,0.12398,0.08613,0.05087,0.01871,-0.01011,-0.03522,-0.05645,-0.07345,-0.08580
2,2,5,-0.12149,-0.08716,-0.05184,-0.01592,0.01984,0.05491,0.08843,0.11985,0.14840,0.17333,0.19397,0.20951,0.21927,0.22271,0.21934,0.20834,0.18963,0.16244,0.12695,0.08309,0.03083,-0.02972,-0.09833,-0.17435,-0.25750,-0.34690,-0.44174,-0.54122,-0.64430,-0.74985,-0.85663,-0.96344,-1.06924,-1.17255,-1.27245,-1.36776,-1.45730,-1.53993,-1.61516,-1.68219,-1.74022,-1.78893,-1.82820,-1.85772,-1.87763,-1.88818,-1.88955,-1.88213,-1.86663,-1.84381,-1.81400,-1.77813,-1.73708,-1.69160,-1.64231,-1.59032,-1.53582,-1.47972,-1.42286,-1.36553,-1.30812,-1.25103,-1.19495,-1.13979,-1.08608,-1.03369,-0.98299,-0.93389,-0.88678,-0.84172,-0.79857,-0.75767,-0.71902,-0.68254,-0.64839,-0.61689,-0.58758,-0.56069,-0.53614,-0.51390,-0.49391,-0.47616,-0.46007,-0.44579,-0.43297,-0.42123,-0.41035,-0.39987,-0.38953,-0.37876,-0.36757,-0.35495,-0.34116,-0.32540,-0.30766,-0.28782,-0.26576,-0.24124,-0.21432,-0.18536,-0.15419
2,2,6,-0.25847,-0.13170,0.00197,0.14103,0.28361,0.42789,0.57205,0.71443,0.85281,0.98548,1.11095,1.22726,1.33340,1.42790,1.50965,1.57757,1.63137,1.67037,1.69416,1.70305,1.69697,1.67628,1.64170,1.59374,1.53344,1.46174,1.37995,1.28885,1.19017,1.08492,0.97453,0.86061,0.74412,0.62653,0.50910,0.39324,0.27967,0.16981,0.06427,-0.03606,-0.13044,-0.21821,-0.29897,-0.37242,-0.43804,-0.49599,-0.54583,-0.58790,-0.62206,-0.64836,-0.66748,-0.67936,-0.68448,-0.68317,-0.67607,-0.66353,-0.64631,-0.62498,-0.59998,-0.57215,-0.54236,-0.51123,-0.47954,-0.44814,-0.41787,-0.38954,-0.36362,-0.34126,-0.32282,-0.30906,-0.30062,-0.29788,-0.30098,-0.31054,-0.32647,-0.34827,-0.37619,-0.40967,-0.44807,-0.49060,-0.53680,-0.58523,-0.63483,-0.68468,-0.73312,-0.77881,-0.82027,-0.85645,-0.88550,-0.90637,-0.91805,-0.91912,-0.90897,-0.88654,-0.85164,-0.80374,-0.74283,-0.66928,-0.58310,-0.48533,-0.37666
2,3,0,1.42734,1.39020,1.34433,1.29035,1.22918,1.16164,1.08889,1.01207,0.93265,0.85204,0.77143,0.69242,0.61622,0.54394,0.47689,0.41597,0.36204,0.31587,0.27817,0.24891,0.22843,0.21708,0.21446,0.22033,0.23407,0.25542,0.28360,0.31783,0.35736,0.40084,0.44793,0.49758,0.54879,0.60042,0.65172,0.70211,0.75043,0.79625,0.83859,0.87722,0.91158,0.94124,0.96588,0.98545,0.99968,1.00888,1.01313,1.01227,1.00714,0.99771,0.98463,0.96814,0.94919,0.92785,0.90469,0.88062,0.85567,0.83073,0.80598,0.78195,0.75887,0.73714,0.71708,0.69877,0.68259,0.66858,0.65682,0.64739,0.64065,0.63664,0.63535,0.63685,0.64138,0.64895,0.65997,0.67435,0.69228,0.71410,0.73959,0.76879,0.80202,0.83910,0.87942,0.92315,0.96973,1.01862,1.06947,1.12133,1.17310,1.22411,1.27346,1.32002,1.36250,1.40009,1.43183,1.45688,1.47419,1.48302,1.48309,1.47376,1.45526
2,3,1,0.78632,0.81170,0.83579,0.85745,0.87616,0.89110,0.90135,0.90634,0.90529,0.89759,0.88231,0.85927,0.82791,0.78784,0.73916,0.68173,0.61601,0.54177,0.45993,0.37110,0.27608,0.17590,0.07185,-0.03511,-0.14370,-0.25199,-0.35892,-0.46296,-0.56261,-0.65643,-0.74345,-0.82187,-0.89086,-0.94954,-0.99714,-1.03305,-1.05711,-1.06897,-1.06868,-1.05696,-1.03382,-1.00029,-0.95699,-0.90506,-0.84549,-0.77976,-0.70884,-0.63409,-0.55697,-0.47858,-0.40016,-0.32276,-0.24753,-0.17520,-0.10670,-0.04241,0.01701,0.07131,0.12047,0.16441,0.20320,0.23711,0.26648,0.29155,0.31294,0.33125,0.34654,0.35950,0.37057,0.38009,0.38840,0.39608,0.40314,0.40961,0.41598,0.42216,0.42856,0.43482,0.44106,0.44730,0.45362,0.46029,0.46715,0.47444,0.48194,0.49002,0.49879,0.50832,0.51898,0.53073,0.54385,0.55836,0.57464,0.59286,0.61274,0.63421,0.65722,0.68157,0.70712,0.73356,0.76018
2,3,2,-0.78259,-0.82019,-0.85570,-0.88874,-0.91916,-0.94659,-0.97085,-0.99178,-1.00885,-1.02188,-1.03080,-1.03530,-1.03542,-1.03115,-1.02227,-1.00899,-0.99159,-0.97041,-0.94537,-0.91713,-0.88604,-0.85269,-0.81781,-0.78144,-0.74425,-0.70657,-0.66915,-0.63204,-0.59529,-0.55926,-0.52376,-0.48917,-0.45515,-0.42135,-0.38756,-0.35320,-0.31820,-0.28163,-0.24310,-0.20197,-0.15798,-0.11058,-0.05913,-0.00402,0.05557,0.11929,0.18714,0.25904,0.33443,0.41284,0.49335,0.57574,0.65878,0.74147,0.82297,0.90181,0.97748,1.04863,1.11426,1.17314,1.22472,1.26822,1.30299,1.32870,1.34471,1.35093,1.34725,1.33393,1.31091,1.27881,1.23797,1.18915,1.13320,1.07055,1.00234,0.92935,0.85233,0.77228,0.69013,0.60663,0.52233,0.43851,0.35536,0.27344,0.19332,0.11537,0.03994,-0.03299,-0.10287,-0.17004,-0.23416,-0.29548,-0.35412,-0.41029,-0.46420,-0.51549,-0.56489,-0.61229,-0.65779,-0.70139,-0.74297
2,3,3,-0.64370,-0.59745,-0.55544,-0.51767,-0.48445,-0.45579,-0.43174,-0.41234,-0.39760,-0.38733,-0.38176,-0.38079,-0.38426,-0.39231,-0.40473,-0.42167,-0.44285,-0.46837,-0.49779,-0.53131,-0.56867,-0.60975,-0.65405,-0.70110,-0.75095,-0.80284,-0.85641,-0.91122,-0.96646,-1.02156,-1.07609,-1.12944,-1.18071,-1.22938,-1.27487,-1.31668,-1.35466,-1.38810,-1.41698,-1.44114,-1.46042,-1.47507,-1.48520,-1.49081,-1.49255,-1.49093,-1.48656,-1.47986,-1.47158,-1.46243,-1.45308,-1.44422,-1.43655,-1.43055,-1.42671,-1.42562,-1.42768,-1.43297,-1.44168,-1.45399,-1.46968,-1.48855,-1.51047,-1.53506,-1.56188,-1.59038,-1.62003,-1.65017,-1.67999,-1.70923,-1.73691,-1.76229,-1.78478,-1.80401,-1.81899,-1.82938,-1.83474,-1.83465,-1.82864,-1.81690,-1.79913,-1.77521,-1.74528,-1.70963,-1.66842,-1.62197,-1.57097,-1.51548,-1.45636,-1.39407,-1.32950,-1.26311,-1.19582,-1.12808,-1.06041,-0.99387,-0.92882,-0.86593,-0.80557,-0.74815,-0.69402
2,3,4,-1.20957,-1.13252,-1.04860,-0.95833,-0.86219,-0.76135,-0.65617,-0.54731,-0.43599,-0.32276,-0.20852,-0.09428,0.01904,0.13050,0.23940,0.34439,0.44486,0.53964,0.62766,0.70801,0.78016,0.84320,0.89613,0.93879,0.97044,0.99085,0.99999,0.99766,0.98396,0.95926,0.92409,0.87877,0.82439,0.76187,0.69249,0.61716,0.53736,0.45470,0.37037,0.28620,0.20361,0.12384,0.04825,-0.02174,-0.08495,-0.14064,-0.18791,-0.22641,-0.25580,-0.27559,-0.28619,-0.28770,-0.28111,-0.26697,-0.24609,-0.21971,-0.18918,-0.15577,-0.12089,-0.08590,-0.05223,-0.02134,0.00541,0.02687,0.04184,0.04934,0.04874,0.03928,0.02083,-0.00682,-0.04388,-0.09008,-0.14483,-0.20770,-0.27770,-0.35398,-0.43563,-0.52162,-0.61037,-0.70087,-0.79181,-0.88180,-0.96990,-1.05466,-1.13498,-1.20963,-1.27792,-1.33875,-1.39144,-1.43553,-1.47043,-1.49557,-1.51089,-1.51616,-1.51135,-1.49658,-1.47182,-1.43746,-1.39336,-1.34054,-1.27914
2,3,5,-1.72101,-1.70335,-1.68256,-1.65905,-1.63260,-1.60341,-1.57145,-1.53706,-1.50053,-1.46210,-1.42235,-1.38150,-1.34012,-1.29852,-1.25741,-1.21696,-1.17783,-1.14041,-1.10493,-1.07224,-1.04238,-1.01595,-0.99309,-0.97429,-0.95982,-0.94978,-0.94436,-0.94332,-0.94695,-0.95519,-0.96778,-0.98471,-1.00546,-1.03016,-1.05837,-1.08992,-1.12432,-1.16117,-1.20030,-1.24136,-1.28384,-1.32739,-1.37182,-1.41658,-1.46169,-1.50658,-1.55106,-1.59492,-1.63796,-1.67996,-1.72063,-1.75976,-1.79713,-1.83277,-1.86628,-1.89746,-1.92653,-1.95300,-1.97685,-1.99790,-2.01605,-2.03106,-2.04308,-2.05176,-2.05709,-2.05936,-2.05864,-2.05485,-2.04822,-2.03876,-2.02672,-2.01269,-1.99683,-1.97933,-1.96076,-1.94148,-1.92185,-1.90257,-1.88381,-1.86567,-1.84866,-1.83325,-1.81938,-1.80743,-1.79748,-1.78934,-1.78305,-1.77866,-1.77576,-1.77419,-1.77356,-1.77346,-1.77350,-1.77346,-1.77290,-1.77152,-1.76851,-1.76364,-1.75674,-1.74760,-1.73572
2,3,6,0.10956,-0.00605,-0.11537,-0.21748,-0.31177,-0.39726,-0.47337,-0.53962,-0.59534,-0.64028,-0.67426,-0.69697,-0.70853,-0.70921,-0.69911,-0.67897,-0.64917,-0.61040,-0.56346,-0.50948,-0.44926,-0.38380,-0.31435,-0.24158,-0.16678,-0.09096,-0.01496,0.06041,0.13453,0.20677,0.27665,0.34389,0.40814,0.46949,0.52824,0.58443,0.63830,0.69033,0.74119,0.79115,0.84127,0.89192,0.94370,0.99742,1.05369,1.11298,1.17576,1.24244,1.31311,1.38807,1.46730,1.55065,1.63785,1.72852,1.82219,1.91835,2.01603,2.11468,2.21302,2.31037,2.40571,2.49792,2.58608,2.66887,2.74582,2.81559,2.87768,2.93095,2.97482,3.00899,3.03276,3.04608,3.04850,3.04015,3.02100,2.99136,2.95140,2.90128,2.84158,2.77263,2.69516,2.60950,2.51637,2.41627,2.30989,2.19783,2.08069,1.95902,1.83329,1.70430,1.57248,1.43827,1.30245,1.16546,1.02788,0.89052,0.75392,0.61895,0.48619,0.35660,0.23072
2,4,0,0.32382,0.26211,0.20309,0.14624,0.09183,0.03937,-0.01091,-0.05916,-0.10551,-0.15012,-0.19296,-0.23407,-0.27376,-0.31196,-0.34892,-0.38464,-0.41905,-0.45229,-0.48464,-0.51602,-0.54624,-0.57547,-0.60378,-0.63106,-0.65729,-0.68226,-0.70568,-0.72743,-0.74738,-0.76512,-0.78019,-0.79193,-0.80020,-0.80455,-0.80426,-0.79894,-0.78810,-0.77105,-0.74734,-0.71678,-0.67885,-0.63323,-0.57992,-0.51867,-0.44926,-0.37218,-0.28767,-0.19575,-0.09701,0.00808,0.11880,0.23449,0.35411,0.47698,0.60212,0.72836,0.85510,0.98111,1.10536,1.22666,1.34423,1.45703,1.56407,1.66461,1.75769,1.84266,1.91901,1.98626,2.04379,2.09122,2.12852,2.15540,2.17172,2.17773,2.17334,2.15914,2.13536,2.10276,2.06150,2.01233,1.95604,1.89313,1.82469,1.75122,1.67370,1.59265,1.50925,1.42396,1.33755,1.25062,1.16381,1.07772,0.99261,0.90912,0.82752,0.74798,0.67090,0.59621,0.52414,0.45470,0.38800
2,4,1,1.00255,1.04228,1.08207,1.12176,1.16145,1.20104,1.24022,1.27931,1.31866,1.35779,1.39685,1.43586,1.47454,1.51310,1.55167,1.58959,1.62659,1.66284,1.69775,1.73125,1.76264,1.79166,1.81751,1.83987,1.85862,1.87280,1.88196,1.88557,1.88335,1.87489,1.85992,1.83833,1.80977,1.77451,1.73261,1.68444,1.63039,1.57071,1.50603,1.43709,1.36478,1.28957,1.21262,1.13469,1.05659,0.97937,0.90380,0.83070,0.76055,0.69441,0.63254,0.57510,0.52301,0.47616,0.43484,0.39892,0.36832,0.34300,0.32260,0.30710,0.29560,0.28802,0.28373,0.28229,0.28331,0.28618,0.29081,0.29656,0.30340,0.31056,0.31828,0.32632,0.33440,0.34248,0.35059,0.35891,0.36736,0.37661,0.38616,0.39651,0.40805,0.42066,0.43444,0.44966,0.46662,0.48501,0.50551,0.52783,0.55206,0.57840,0.60667,0.63660,0.66825,0.70165,0.73620,0.77195,0.80871,0.84634,0.88458,0.92357,0.96307
2,4,2,-2.27106,-2.24159,-2.20204,-2.15265,-2.09336,-2.02464,-1.94686,-1.86071,-1.76687,-1.66616,-1.55974,-1.44861,-1.33361,-1.21599,-1.09714,-0.97786,-0.85936,-0.74259,-0.62855,-0.51789,-0.41139,-0.30956,-0.21282,-0.12164,-0.03617,0.04336,0.11699,0.18470,0.24655,0.30268,0.35327,0.39849,0.43846,0.47327,0.50316,0.52820,0.54838,0.56382,0.57442,0.58013,0.58087,0.57674,0.56742,0.55300,0.53325,0.50797,0.47728,0.44125,0.39976,0.35276,0.30090,0.24385,0.18230,0.11674,0.04740,-0.02544,-0.10099,-0.17885,-0.25861,-0.33934,-0.42058,-0.50179,-0.58238,-0.66169,-0.73955,-0.81532,-0.88867,-0.95930,-1.02724,-1.09216,-1.15395,-1.21277,-1.26865,-1.32170,-1.37240,-1.42098,-1.46774,-1.51307,-1.55742,-1.60100,-1.64419,-1.68752,-1.73101,-1.77495,-1.81923,-1.86410,-1.90948,-1.95490,-2.00011,-2.04459,-2.08799,-2.12954,-2.16863,-2.20436,-2.23577,-2.26238,-2.28296,-2.29696,-2.30342,-2.30160,-2.29096
2,4,3,-1.35828,-1.31859,-1.28054,-1.24452,-1.21091,-1.17986,-1.15150,-1.12591,-1.10322,-1.08296,-1.06521,-1.04945,-1.03532,-1.02230,-1.00985,-0.99763,-0.98471,-0.97106,-0.95579,-0.93864,-0.91915,-0.89698,-0.87172,-0.84338,-0.81184,-0.77698,-0.73895,-0.69805,-0.65429,-0.60818,-0.56031,-0.51073,-0.46012,-0.40887,-0.35759,-0.30666,-0.25681,-0.20833,-0.16169,-0.11765,-0.07647,-0.03858,-0.00461,0.02521,0.05058,0.07087,0.08609,0.09585,0.09966,0.09723,0.08886,0.07400,0.05265,0.02488,-0.00961,-0.05032,-0.09718,-0.15007,-0.20860,-0.27234,-0.34101,-0.41391,-0.49020,-0.56965,-0.65123,-0.73430,-0.81850,-0.90270,-0.98633,-1.06864,-1.14913,-1.22686,-1.30130,-1.37203,-1.43844,-1.50016,-1.55680,-1.60820,-1.65417,-1.69462,-1.72923,-1.75770,-1.78043,-1.79739,-1.80836,-1.81376,-1.81366,-1.80791,-1.79730,-1.78183,-1.76159,-1.73708,-1.70879,-1.67705,-1.64216,-1.60497,-1.56562,-1.52477,-1.48305,-1.44115,-1.39941
2,4,4,-0.64119,-0.63757,-0.63112,-0.62178,-0.61002,-0.59606,-0.58036,-0.56266,-0.54355,-0.52313,-0.50128,-0.47833,-0.45455,-0.42966,-0.40399,-0.37768,-0.35080,-0.32330,-0.29537,-0.26732,-0.23919,-0.21153,-0.18425,-0.15796,-0.13304,-0.11024,-0.08963,-0.07178,-0.05709,-0.04601,-0.03889,-0.03606,-0.03766,-0.04370,-0.05430,-0.06932,-0.08831,-0.11098,-0.13676,-0.16487,-0.19447,-0.22490,-0.25515,-0.28414,-0.31104,-0.33467,-0.35407,-0.36847,-0.37723,-0.37954,-0.37494,-0.36323,-0.34433,-0.31826,-0.28546,-0.24627,-0.20126,-0.15144,-0.09774,-0.04112,0.01714,0.07584,0.13368,0.18959,0.24232,0.29078,0.33381,0.37054,0.40041,0.42268,0.43718,0.44331,0.44099,0.43056,0.41227,0.38638,0.35336,0.31383,0.26853,0.21848,0.16438,0.10727,0.04785,-0.01288,-0.07381,-0.13439,-0.19375,-0.25120,-0.30597,-0.35773,-0.40577,-0.44965,-0.48923,-0.52407,-0.55437,-0.58006,-0.60107,-0.61751,-0.62946,-0.63717,-0.64107
2,4,5,-1.03203,-1.01241,-0.99399,-0.97730,-0.96362,-0.95417,-0.94928,-0.94982,-0.95667,-0.97027,-0.99099,-1.01937,-1.05501,-1.09808,-1.14846,-1.20589,-1.26945,-1.33845,-1.41226,-1.48957,-1.56977,-1.65143,-1.73338,-1.81448,-1.89336,-1.96889,-2.03983,-2.10511,-2.16340,-2.21389,-2.25558,-2.28745,-2.30933,-2.32046,-2.32035,-2.30916,-2.28645,-2.25249,-2.20744,-2.15171,-2.08555,-2.00986,-1.92534,-1.83252,-1.73279,-1.62681,-1.51603,-1.40135,-1.28416,-1.16546,-1.04650,-0.92869,-0.81317,-0.70099,-0.59329,-0.49111,-0.39535,-0.30701,-0.22681,-0.15517,-0.09277,-0.04003,0.00273,0.03548,0.05831,0.07118,0.07424,0.06785,0.05253,0.02858,-0.00307,-0.04208,-0.08750,-0.13857,-0.19444,-0.25448,-0.31751,-0.38279,-0.44949,-0.51668,-0.58370,-0.64939,-0.71305,-0.77387,-0.83136,-0.88475,-0.93355,-0.97732,-1.01555,-1.04814,-1.07478,-1.09544,-1.11000,-1.11885,-1.12202,-1.11981,-1.11297,-1.10210,-1.08769,-1.07066,-1.05188
2,4,6,1.37934,1.37617,1.36714,1.35270,1.33267,1.30699,1.27617,1.23994,1.19878,1.15273,1.10203,1.04672,0.98708,0.92355,0.85592,0.78470,0.71011,0.63221,0.55145,0.46796,0.38186,0.29352,0.20316,0.11132,0.01805,-0.07652,-0.17212,-0.26841,-0.36499,-0.46188,-0.55873,-0.65531,-0.75154,-0.84680,-0.94096,-1.03367,-1.12464,-1.21329,-1.29925,-1.38207,-1.46104,-1.53577,-1.60568,-1.66993,-1.72801,-1.77914,-1.82274,-1.85818,-1.88486,-1.90244,-1.91028,-1.90819,-1.89595,-1.87374,-1.84117,-1.79882,-1.74701,-1.68601,-1.61666,-1.53978,-1.45610,-1.36640,-1.27204,-1.17373,-1.07230,-0.96888,-0.86443,-0.75971,-0.65539,-0.55224,-0.45083,-0.35143,-0.25467,-0.16051,-0.06918,0.01945,0.10527,0.18841,0.26916,0.34741,0.42352,0.49741,0.56930,0.63899,0.70707,0.77326,0.83707,0.89874,0.95809,1.01467,1.06851,1.11904,1.16572,1.20847,1.24735,1.28171,1.31099,1.33542,1.35455,1.36841,1.37677
